0.07584003027336302,0.6673945740741863,0.6742648436058692,0.33840472919027137,0.6894668863513332,0.6756891794273093,0.6091652016194717,0.765450513979203,0.3716359185413234,0.9652180152702646,0.42438722710878307,0.4548760045184788,0.07591667563553768,0.6052555366347542,0.2047095230757635,0.8515184388084344,0.2601469892982938,0.5331047199864889,0.39027503092374327,0.48745642757969354,0.0,0.24449541258876503,0.8362367076730084,0.4886253301599125,0.3025787864184054,0.37844706787359783,0.1330628863138507,0.1600974719789777,0.5079965873924582,0.6000898796357159,0.18507565174382806,0.5702247362135969,0.10089851017627255,0.3490484348247917,0.7170961100602044,0.5708282174170964,0.3552091749075231,0.05363333414767547,0.3440770849439849,0.36696540283317874,0.2604162705245346,0.44530941487808257,0.5577530083506288,0.4434014551540987,0.6514467268662656,0.35761471404796635,0.24857238217527303,0.5625861584286163,0.6178933322493045,1.0
0.3876141502682462,0.37919835863105755,0.0,0.3113310582890256,0.7030236602630923,0.7382880398685331,0.04103230640063395,0.5773201625872512,0.30868132909542834,0.702481230637547,0.9378001386140897,0.3858083947422642,0.20858759282720843,0.3970771790075363,0.7633944491477794,0.5548963679220223,0.2814316417446671,0.3345970810220802,0.6487490982547284,0.7949814330439087,0.7304661070395365,0.358172255389947,0.28363981240947206,0.4859283553905574,0.12209538349672894,0.23091087846678338,0.8278754243897654,0.5978123898817145,0.7279902137028293,0.6014630487575909,0.6103339335978816,0.2314929736636911,0.19656379680643982,0.84721476809928,0.593951156652596,0.7096225794024298,0.483608771703293,1.0,0.41402325122587674,0.351732936778068,0.4795761164980269,0.23455199423815043,0.3346260707860459,0.24397571842787605,0.5962819296427299,0.4140635173999638,0.5461724080983992,0.5010092207936993,0.47947285562762054,0.740047104109522
0.11053436913724739,0.4445732345564778,0.22493242763939167,0.7539461729463997,0.9734673661388931,0.3385834712695706,0.503816319559651,0.2310507558358144,0.6754915545485606,0.17420297043799965,0.4941615505022292,0.9145875435380298,0.36841252127032825,0.5999829365427661,0.43959231777407054,0.6042642090343356,0.3482588886475608,0.248555520193526,0.7454963490166497,0.0,0.731684664672468,0.6783984422281093,0.7689199505071735,0.5301112493929878,0.5037855843978247,0.3966057577706711,0.6054545536156296,0.660652948976918,0.053973549492882786,0.6790198019174191,0.28462356948937945,0.24690462933817905,0.12085183750667676,0.14274030193168843,0.6023097148547106,0.8444611013052625,0.7344005786561821,0.22980755713120823,1.0,0.5790059039763797,0.1353519768481064,0.16952222910654258,0.19653091602732714,0.5038877141490347,0.10301106861503313,0.7469213323132432,0.7546097219666262,0.3928209626351264,0.2831418935182061,0.5984786141206346
0.18257962768488598,0.2139309991100561,0.1852807047750953,0.2762207133027134,0.42583636720525203,0.038250955107629415,0.8754951334752918,0.5736251564853437,0.7397126671542097,0.8631367239685682,0.6007131589745355,0.5686691350774354,0.6540985361500007,0.26326465974663676,0.5152605455089467,0.04403256020240093,0.0,0.4449020496298289,0.3195872892688668,0.7639384222230774,0.5002287627280761,0.6441251028742072,0.23894261227310595,0.4941716978316195,1.0,0.22058799322902617,0.4521073203496725,0.3649042942149046,0.5785341478921149,0.444034405116878,0.5569014333091927,0.717558208205548,0.5228828057697205,0.44338243192233373,0.6810126809379455,0.8504109012823832,0.6595143646203186,0.5066934130924595,0.5247452766020834,0.863664077650041,0.4888974020598191,0.5282112853226041,0.5723185037353403,0.630878080165524,0.38025170613354087,0.47418828362523685,0.4577268417143789,0.48290411734375704,0.6757325303302288,0.6395834683022067
0.24460030721885262,0.2800243717873175,0.19573291633895076,0.6038874646591502,0.009206538620513911,0.5339678751851282,0.0,0.4070408626191752,0.19734805008893003,0.5245584890773265,0.5361637102816326,0.39103885674086586,0.3780384702417277,0.610359516818456,0.36329125511177607,0.08058335158474658,0.5559445818931845,1.0,0.523410807275859,0.4496356022424615,0.6481202110723353,0.5345832518482303,0.5971023071641121,0.3490648494381965,0.5264466930585389,0.16937584832448752,0.027341283419493656,0.6966728865851203,0.3672949229883889,0.26612196873847316,0.5862768440598577,0.2906876546971941,0.10724412593194577,0.3424735939414147,0.8963768627922424,0.30165476590947243,0.4052048033820561,0.18145113299974241,0.43905279659321855,0.2852898841503032,0.49267949709138975,0.4983431091512359,0.7132378841903755,0.6287599804753552,0.3898980583061542,0.5787736637635491,0.36413079026788614,0.3396729211940199,0.33252646196170627,0.35458308247414333
0.36078656333095754,0.5365942839181744,0.39609229908208377,0.6353638106016133,0.13822030400083082,0.38343341981684903,0.8386123546377127,0.5953220829985169,0.5445817150752725,0.40771958948883963,0.873553535031954,0.2924355009884353,0.2575957117146754,0.46903321611486926,0.1422076666197928,0.6707548662277498,0.24466775669692734,0.208219159766632,0.6512945405004582,0.4001377094550223,0.595158349893769,0.4355556025512963,0.9420256608469153,0.5458473585904383,0.5639282060479169,0.7646307668830641,0.22088080235312924,0.7609182200904034,0.6255873716891643,0.34275505514883703,0.5241088640569012,0.41699851841909585,0.6881502369162725,0.47841817404930925,0.5664209807747146,0.31314499637463683,0.3861985762957372,0.9536259437507899,0.0,0.4942099391253952,0.3916566326785014,0.4930772942404196,0.30941279616817857,0.8629043075224738,0.4217945412166165,0.5588564486799837,1.0,0.2701934685723051,0.5050638207937697,0.607544157165477
0.2942865729800085,0.8237084305347324,0.44315302240327814,0.0,0.6636190881364161,0.21996473014760448,0.34201783261835056,0.24669598904866286,0.6544767837983915,0.39872141145105167,0.7416769346412755,0.7160963347634751,0.6698760022885499,0.3296660710907209,0.7868977380406191,0.5335404852298868,0.3309712043417638,0.6417747122870993,0.6662163670084983,0.5367112111371467,0.27506732348905133,0.27847112061867774,0.6568120792439406,0.8971713932005129,0.7878586322811959,0.6977495677241453,0.09129652400466451,0.644585559953406,0.30282005742761103,0.5452654062471654,0.719457662868733,0.32560104422336233,0.22019103478914215,0.27617964400646894,0.28852690256054764,0.31937397141829954,0.3909379319976738,0.648991118243208,0.5548724554212011,0.35923057049607116,0.8005630922730999,1.0,0.6072529746281261,0.007265085461316598,0.731618977717336,0.5564802203579161,0.8369518435031528,0.6616882193986555,0.02273443886019466,0.5088709606556273
0.1366318621806498,0.1651306291435757,0.7867437378593786,0.17865257729034598,0.6745535331228506,0.7230156241879823,0.14723941032692311,0.3309565785791032,0.3634453890380902,0.5799579785604285,0.25823176510675094,0.4408491684445114,0.7069192087652518,0.3955006442127367,0.8572915417813692,0.11830842303513678,0.4036077666186598,0.4921443274585057,0.9256554622737259,0.45419809372302683,0.5253187315483409,0.33174994697205784,0.9318816343684811,0.2622956815068898,0.796441213986593,0.7472161399394545,0.8514790051950298,0.23380783403127034,0.07683646919244425,0.4654759306361328,0.6019648560833282,0.49497578946738835,0.7645699087866594,0.49784005443462376,0.38077608810753877,0.0700135248872638,0.7100713754759009,0.7057145762992159,0.4706657864833746,0.4374330247492529,0.03231073344538089,0.6246955196053325,0.9107840051135045,0.6809266611586029,0.5515096672594976,0.0,0.6990043011838576,0.2772569379617754,0.6983649413017752,1.0
0.17433143681158073,0.3738761150050645,0.831021013723178,0.2800291117032275,0.7888532827726824,0.6224540671847226,0.2795710774486192,0.5458969785623551,0.2000097087159863,0.6837680812182196,0.41345206905014736,0.4549314427691598,0.11448855689732176,0.5503732667623432,0.6247845847698623,0.49106034718958097,0.8753591340920114,0.5999689107519136,0.0,0.5438099646339142,0.8447996573392537,0.41265026780031344,0.502876511368136,0.9592751226165388,0.9833049876180435,0.3545562353024818,0.6366344368008454,0.6913792133236275,0.5192396985355378,0.6242525929435421,0.8436319615154223,0.6769016815729475,1.0,0.43336395897384805,0.3763398237475344,0.8713005416212931,0.002631025205409489,0.19526653411643297,0.2988783280886577,0.3171149236522069,0.5394402954656384,0.5791237057179222,0.07555922615351277,0.5363596978975382,0.2410395575601895,0.6942346769198968,0.951830580093072,0.518950044399306,0.6031925697646721,0.5181998598523607
0.3064338260983647,0.6522736816460456,0.8017077884530512,0.1856621406250501,0.830075832513056,0.43066025402342195,0.12262685881663486,0.6341900302686695,0.7822194319777138,0.4216873665985336,0.6400672826722186,0.38347429856400445,0.5550418489898242,0.24533395960463394,0.4713426256746509,0.32807407466321237,0.7062230160602291,0.41152311932911684,0.6732532221274031,0.2403194397644289,0.5468108699277741,0.9540481494145138,0.4107105196537313,0.5823073958780123,0.2926194102635896,0.860633947552264,0.05870051035635085,0.3608399563632631,0.7787129247229699,0.8075406953719244,0.6640211502979786,0.7346927098268967,0.38754997406932523,0.6885506661361823,1.0,0.5065231301627047,0.5446069021029434,0.5446748424461375,0.47728260608652867,0.6590443555662787,0.40907100205522307,0.33339010112369966,0.44005845916802666,0.5600635984884318,0.4739542121341812,0.27444492622659367,0.6784713276049111,0.5385996584072854,0.9213853634177488,0.0
0.2195890909374534,0.4213525989763336,0.20281644588160636,0.49541376077965,0.7144818662485619,0.5209846013582251,0.33730829365026305,0.46519738212364314,0.4670081131702928,0.5471403574862798,0.6505738028452382,0.5953574842255024,0.2933409680134252,0.5072943436728587,0.5186426750866477,0.5344008577460411,0.30724812532555,0.39943676907627823,0.61300181230853,0.4384773168288645,0.6069208648884893,0.49165020517657504,0.5562447703226009,0.49009576275420685,0.37979825042916543,0.30342431878639836,0.5550442600950243,0.5524842969085133,0.41656311787930916,0.5872943580497033,0.4309161306697959,0.32288976924432483,0.17143919116913534,0.4559449871150578,0.6472975235710112,0.711109494489313,0.5597685770419244,0.4892464217622415,0.621409174050379,0.46394073544695374,0.32970403269606885,0.28498883027877264,0.36742736470325743,0.4251123860017874,0.39582207312524675,0.5429957571407128,0.5562238362548461,0.45538830995501545,0.42959362004796914,0.6838492046244156
0.19773339470073967,0.4387646611991313,0.31290948346828923,0.4815988412711103,0.4874537170137687,0.5746491503653957,0.2881601234998917,0.5285906115334524,0.35110174911440284,0.6533926958178109,0.5690538783599856,0.48659382723776257,0.2599456121290816,0.5603341627205184,0.3999495633074905,0.47539273976633933,0.37230953588751414,0.6187056212320409,0.5298295486258373,0.4691581895609773,0.4695843262677493,0.4358155960688208,0.6297274884944516,0.44543158120283205,0.394004180219364,0.2777885936787416,0.2935414492876704,0.499167433661711,0.43756516474370766,0.49095051532833706,0.4238869421246816,0.37177234538208737,0.13381684083679626,0.40966221472382935,0.7407758334184276,0.5468210543023923,0.4556025517481443,0.30292980831606076,0.48462037693891696,0.377850542728401,0.3690231580334068,0.39031589593258387,0.5226759303033686,0.48549896711727725,0.46803828585069907,0.5012862013352718,0.41698744594545123,0.4485808999505596,0.4492672021835379,0.6643915488356227
0.23442420957080407,0.3347901503222204,0.18437067185783637,0.44169695818725446,0.4554378098096846,0.4378224973184195,0.3510916862207098,0.4998010952710549,0.44012402289092173,0.6512810424772302,0.6384328832274486,0.503965073286359,0.38733619585986506,0.4629750477720743,0.49916033236296864,0.30593649744167034,0.29227962708308153,0.5643384935665837,0.5151524859434743,0.5688733133104752,0.5895774715771978,0.5161724399219195,0.46195236128674144,0.45339323622150873,0.5359561232894392,0.24059234844200805,0.4134343734047067,0.5385424526323379,0.4861961244328564,0.4696138274467142,0.5187302218834572,0.40721064047064937,0.2423473801703733,0.4700984085847579,0.7163751300582681,0.6333617001065176,0.5279033051624614,0.4653689911515101,0.5148217196782562,0.49820821093415346,0.429079750569754,0.3993348472549131,0.5103374654568943,0.5067278955137781,0.42364611321840523,0.5134697249142874,0.47107799743097717,0.4407024697240154,0.4766361393411604,0.6027152252295984
0.13993423882878842,0.4663737185491323,0.4261673070092747,0.41810983630290244,0.5033075093349744,0.4833754317597311,0.5177302160897004,0.601438205984414,0.43351643142530516,0.78092410911175,0.49359138744368863,0.5006403640523058,0.2889776137305475,0.5336194981340044,0.3258673667950574,0.48773830670494134,0.2792986289362175,0.596738591450775,0.43437504870189636,0.4991558378323723,0.3112594684429804,0.42853222258134727,0.6500427126535585,0.46160252358778586,0.5148901387579717,0.29919224255166665,0.2156323707595392,0.3650326549339193,0.45567639111709396,0.498293034213502,0.3626892215555154,0.5115017700256329,0.1927516586914614,0.3524091962510094,0.7404944646264535,0.5909126730167324,0.4607996347050149,0.19420544214136137,0.45565012120022796,0.46957657055473173,0.3514448332267704,0.4521910251223808,0.5665812401910437,0.5287814848795133,0.49188115806841687,0.46299872951254006,0.3595194250613657,0.48195258884877795,0.538733044010379,0.7462219514923418
0.19923656430140851,0.4504322907626287,0.31343437031982263,0.35856654436776647,0.641782344082087,0.5163143888518597,0.4784932602123003,0.6113543915909275,0.4591071577393943,0.7853573033690225,0.624852677654942,0.4987252721082027,0.27939254135498176,0.4655206500189471,0.4645500132565848,0.5401298932218359,0.22182468163423563,0.4408721492358986,0.484420103919656,0.5981240469656723,0.40848775566710366,0.4136354813005116,0.5254419676522529,0.48936180758229325,0.4310051790283904,0.2955057765852634,0.44930600124023495,0.39214885550633316,0.5463327206901181,0.5638101943743686,0.41354637615622036,0.4691286081802528,0.22719211135173054,0.49958805988144617,0.6668446157735765,0.6928134374790328,0.49651021619087976,0.45458579691633116,0.46499061391741214,0.4920909248522085,0.3718883603450422,0.3793529645158008,0.46761034855140293,0.43690934310527996,0.5196088321110254,0.4398445818749154,0.4306920832266071,0.5062281919750931,0.5544088391670818,0.7909509314108978
0.15857246768380356,0.4948089972656304,0.33822238107189584,0.490235954490331,0.7706133367751237,0.5223967256003563,0.4633455553806236,0.5110784819016985,0.4910496684651488,0.6038476846055167,0.5622744639279312,0.6190016093927002,0.24998302845574352,0.5434283690874039,0.42178660440633264,0.6406766925413053,0.2879397714412801,0.3917393757566842,0.5719105203887209,0.3796130445141505,0.45653413621475336,0.45739959232937644,0.6651793626475495,0.5013397159337719,0.38708239892814283,0.34367691292467495,0.4610285630304579,0.4542776589419587,0.38198120760475823,0.6147174948827946,0.33364826181798307,0.38661549210992224,0.15120200068479184,0.37364576688974,0.6515194420795283,0.7111944901041996,0.5405086369961666,0.3314763999906308,0.6154680294965953,0.4703429046183636,0.27350827160662833,0.30687649994712635,0.3829297875183881,0.44160137795845605,0.41487518157574327,0.525216735836353,0.5099801990316237,0.4783064442204667,0.46361165772398094,0.7664344895385724
0.20982174737828263,0.40406632670373704,0.25799437076413095,0.36306354162897553,0.6257126770502076,0.4505257794537927,0.500036273445304,0.5808783172195024,0.5000388286817762,0.7565941718332367,0.6428029510419654,0.5204851470738943,0.33871824611098755,0.4343497360092897,0.498732858311974,0.4615401321368268,0.20028139652726984,0.42521996189305095,0.48698344693556134,0.611182110864838,0.47188017783269665,0.46036910814713694,0.4696351281954622,0.4910254903140617,0.49864944198837424,0.2817880180234088,0.49053512493027246,0.4229776888140775,0.5416609243712297,0.5520020598313669,0.4495553865255178,0.47435564868684915,0.26585506533421527,0.5033392169873323,0.6604606629291894,0.7252427684038287,0.533504656840292,0.5004930397879147,0.49764737345622956,0.5422927901176602,0.3893455588899006,0.3797403770078274,0.459590561947495,0.4550219059850633,0.4816286436623107,0.4599297309384336,0.4623324558728573,0.4949538940745926,0.5514290964721851,0.7487828983625189
0.21173423374128733,0.43330223226596104,0.2587918159982274,0.4213054469947183,0.6610918208289228,0.5217005052954194,0.40206377296963347,0.5441070186381428,0.45518479678693724,0.6768796051148197,0.6388803498941238,0.5363060076246099,0.286538921304159,0.4851033140314704,0.4903247952653745,0.5283580581120052,0.2658301608534113,0.4326413600652622,0.5426811928987992,0.5299029732069501,0.5032901908026548,0.4488010760694839,0.5361446957959403,0.4868301724286293,0.40667258858907296,0.2953368451530709,0.49199952070613234,0.4700483626292897,0.4899684846356194,0.568421938572299,0.4275571462967168,0.3994629574903863,0.20067022278569102,0.48303779131421265,0.6619399700986891,0.6932323796755389,0.521721480335306,0.4723858565519674,0.5307588621792023,0.47404165291744155,0.35796151346106997,0.3391896411839417,0.4276258125613866,0.4328733637028887,0.4650515894367637,0.4864428753597745,0.48494096544809595,0.48102636624765976,0.49545104510322124,0.7354651360846106
0.22232271970936293,0.393052114838573,0.2073328503976482,0.5228834344998506,0.5563911559636757,0.5256642104065987,0.26266584427281253,0.4519014088804519,0.4052114067258874,0.5407146828662264,0.619607339295048,0.5508821852681047,0.3095409585392189,0.5345718632977724,0.4779747328886176,0.4368692409033892,0.36591032156702374,0.537260239038012,0.5927069748231237,0.434396577572296,0.611103357384581,0.5002795422076358,0.5733322936472741,0.45809050290115766,0.41145592492472416,0.2750602918954165,0.4294138686085126,0.5831752366936467,0.40082161285443463,0.5153070725848717,0.4612020588152706,0.31570717217937816,0.15352014618830503,0.4244228947720976,0.7047988821833105,0.6161687238120592,0.5234938888287867,0.40949232488428516,0.5814167037016015,0.421287063562081,0.3631245323959645,0.3334879970116841,0.44625847673377084,0.4723619952494421,0.3938053909992708,0.5519652135245938,0.5112520575741069,0.4290907287850173,0.40648887178057563,0.6109331579182609
0.22446342193903185,0.3078258115564255,0.19083315554076702,0.5615750045313834,0.26337375631504806,0.45743671817341247,0.19694668993188208,0.41762479540232916,0.34795965294341363,0.5321723464995485,0.5645355293877314,0.4928604201168192,0.39634986951678064,0.5499306032645059,0.41993091192175036,0.19671329181171537,0.43165207657552734,0.7647964999815746,0.538151354448672,0.4461038652340472,0.6400953941955712,0.5545529775375364,0.5586387921115886,0.4058661548184167,0.5524922678454767,0.2168192781408637,0.22503364774550821,0.636049029662666,0.37349522150618,0.37804149007040255,0.5340742478072846,0.3374045265249741,0.16813672342303898,0.36020775722623116,0.801699090351531,0.4844738633165036,0.49192780776958345,0.28520116751362157,0.5316233960454623,0.40848535226080734,0.4347299498182351,0.43368713847311297,0.589451344778445,0.581397421209326,0.3627820513320069,0.5768598827980251,0.44611408431806515,0.37962785388548625,0.38213014460329287,0.4617220942261778
0.17853269302800118,0.43943074380910285,0.3073810153829565,0.4933719891092746,0.5888378882596047,0.5080609613655088,0.3875945102818761,0.5037353120508237,0.43563448937953625,0.617049963186962,0.5600163710183759,0.5584279331080847,0.29124953774988704,0.5420213091592254,0.41213890235771505,0.498113713620834,0.3269582515480116,0.5259124568868654,0.5423753550168194,0.42637601166268707,0.48592073381437484,0.47374564640711025,0.6278756367219522,0.46845156994857373,0.44170588381699766,0.30005801930234494,0.3637469575507107,0.4910505062577879,0.4003834539024115,0.5319674519665394,0.39745623641074973,0.38905987150139953,0.16109866796902372,0.3780790867206395,0.7057158734831153,0.6279535158729597,0.5106598319183224,0.3104338063039948,0.5598474234881856,0.4471566806288448,0.3339330901183163,0.36294028933457106,0.4680129080254278,0.48761346396729405,0.42000558346988764,0.5252428552646426,0.46726738738686896,0.45329403523230916,0.4540489324267469,0.6822310697361785
0.19753597287955021,0.3139090704728415,0.22882190417726633,0.435376759804016,0.39633260780441854,0.3327405740115007,0.4834004603698199,0.5061535696984124,0.499250017936059,0.6870730968666505,0.5745764452358817,0.5251790255884475,0.4522196711258953,0.44840533426063156,0.44584395993975046,0.22634531515617587,0.25299925259406664,0.5992266478524155,0.45520226741723036,0.5629279283200888,0.5354513149783081,0.5549387891190967,0.46663170113063,0.4515477838311237,0.6747547674091652,0.23890043546375106,0.3286547182532646,0.4934144319805618,0.4622490028715932,0.43844823082894546,0.5049826328849043,0.48994684457823046,0.2890771207143169,0.398716485718447,0.7378858371237917,0.6418711409387067,0.5461183904493836,0.36492076405674645,0.521188667693264,0.5714373972496567,0.430804807839024,0.4547460175083895,0.5607784261684461,0.5730958443169012,0.3962312293813955,0.5189757709749269,0.443903717071785,0.4382344833762106,0.5101725988902032,0.5890507126142824
0.20504209980659288,0.4058366085994642,0.25962261278184834,0.4454545523462159,0.5671603132353359,0.4875126176781134,0.39267251098672395,0.524013484311625,0.44528546892987503,0.6613833360980816,0.608128104257448,0.529826033215189,0.3206300637325506,0.49540342246056274,0.4615862495727509,0.4470560541226928,0.2895811408620678,0.5086956383625081,0.5257189662737357,0.5139231685874985,0.5122032868220427,0.4755350442841873,0.5436012487906215,0.47006991857655345,0.4656726760321601,0.27964095374311543,0.41540262665244676,0.4889437243048204,0.4635571353468584,0.5231746860419219,0.443943571615641,0.40824056129788916,0.20412991578667358,0.4426437015745812,0.6955315591823449,0.6515565394657147,0.5172180102248328,0.40925046846351876,0.5282725433729349,0.4759590573190279,0.3737463732229915,0.37245476704975244,0.47373308095729894,0.47729714348480873,0.4420294849420591,0.5032017597934468,0.46739207402323374,0.46147218980035437,0.4826644609067432,0.6810564379412
0.19625513342713236,0.4116945303633297,0.2680523921675608,0.42682891442138243,0.6167813259771534,0.4598811448496671,0.4582098016990664,0.5354532615776278,0.4852625744068575,0.6801707012564232,0.6081971438435038,0.5496741119162989,0.33020531429538874,0.4771623712831493,0.4675993669704467,0.466767248720337,0.2519467401784654,0.4591417301117357,0.5164513555948338,0.5225252034512431,0.4947441074020241,0.4792765084036737,0.5323550651626171,0.48310933169994424,0.48718049249141104,0.28985643764372937,0.4486057671122735,0.46183557450669876,0.470874440513835,0.545055142088814,0.43014099361503916,0.4348537796533441,0.2260690139509833,0.44364117215280785,0.6763685484076525,0.6941282594042061,0.5355616718093291,0.4237182021865575,0.5412718457132956,0.5130425269649035,0.3632305995211321,0.36770083693656763,0.455052537584185,0.4726905559249791,0.44046813813783453,0.4972167808220821,0.4770513458440711,0.47349563671925093,0.5045014618883359,0.7107686612506459
0.22001125889610534,0.42559817880008577,0.20306147055161694,0.49795308369914376,0.7243088763574528,0.5283531641530392,0.3315010562492869,0.46395741910133875,0.4648391892983511,0.5424232016224629,0.6522843467063125,0.5973048574708875,0.2871377548569169,0.5102455038070906,0.5199496895058491,0.5453956134971572,0.31009289990102346,0.39413560357135635,0.6182381089148803,0.43342630908091784,0.6083321650770138,0.4889728964585263,0.5607555660558243,0.49110694936019494,0.369078593784934,0.305704197048054,0.5607393122692421,0.5543247773517875,0.4144828592049986,0.5919525605318137,0.42784259758766524,0.31700796985695545,0.16651814418467173,0.4570787259654693,0.6448639117695225,0.7120939774696065,0.5594148855063348,0.4914496851716925,0.6242822605271767,0.4591268284943183,0.32603817707141697,0.2795873591602846,0.361607916898567,0.42035475914059184,0.3961158550741606,0.5437811283829581,0.5592350957962529,0.45584274244079787,0.4265264088091031,0.6870195614590819
0.22732246923947702,0.4798217304767766,0.6989163176049159,0.20163301287737825,0.6937153852773558,0.509259180274924,0.2719476341126603,0.4448314005489435,0.4668726248914386,0.5298024949007845,0.5182341293299025,0.484713627765764,0.4729843360894908,0.4038779968060426,0.6582587987044954,0.3904339270699797,0.5626615504978935,0.5213455674907107,0.5435134637802548,0.4565284691418801,0.5694828293076234,0.4588002440159641,0.6600299743939674,0.6745384577296335,0.7431316780794972,0.646303477716825,0.4411715266421657,0.5127318220372008,0.4127097405451947,0.5788696407979993,0.70141643786582,0.5455803786188446,0.6406188355628702,0.4628681034900602,0.4803855595658741,0.44466373781987556,0.3882249680908388,0.5383155625313502,0.4084431809335091,0.4289026632268086,0.4353560630714933,0.6340249960557937,0.4833758444768836,0.4840550416627645,0.4805030336630408,0.40577569444887973,0.818462772210448,0.47501883309072407,0.5484875029931213,0.553881186510286
0.25440209948892295,0.4398408711229044,0.6776281804513358,0.3371758004842908,0.5702319320816452,0.5265530745337468,0.37723687310955545,0.5249545088759955,0.4930151631570485,0.5066956387313165,0.5706095410676459,0.3856376951241318,0.42372642463660326,0.4091267353780659,0.5015770560418166,0.40886463243509114,0.5156930361952621,0.4064611492011103,0.6086870520152347,0.40213496738390775,0.6091733233579739,0.5306964224029809,0.7267527428996277,0.5587241160358875,0.6361913563591437,0.7079821909365048,0.42110820297211843,0.5118878763200858,0.4988148242423155,0.5416412842164173,0.6384983026414315,0.5625374618655756,0.6889897177394001,0.525678455278235,0.5880202015000621,0.39976289886957395,0.4391023749902805,0.6476758027372784,0.2977869454821366,0.4866066621597398,0.3316310023523652,0.5067741364087974,0.4569467070964322,0.6764676557510116,0.43691904225166134,0.36819810479598314,0.8328670516389413,0.38574748035334133,0.6730249663750265,0.5437795572643243
0.27072061805289005,0.5949382813001498,0.5850035591095072,0.24191267963277469,0.5969197673253428,0.4056946514898342,0.40836640813595515,0.4443860141311324,0.5035019436522271,0.48904174409525103,0.6524062932002368,0.5100061868689731,0.4148349331087463,0.41729621360478897,0.5738386098192707,0.5187107748011487,0.49911207268957747,0.5083108465101781,0.48730846962002367,0.4795250403648642,0.5380626875037796,0.4115286392714886,0.6659969792252555,0.7854292930545501,0.7499644761249241,0.6328339021769834,0.2978270426870409,0.6433932445233362,0.46775729617447637,0.5422225086962584,0.7015610543431328,0.4858375453609909,0.5765317592304104,0.40907253380181063,0.4400231109355583,0.4789680787243587,0.30683349312332897,0.5829907997583947,0.3504567906433198,0.4064276806859413,0.5741913726043735,0.6980708826271068,0.3896221902393398,0.418002959039797,0.4968385216485244,0.5500928365453241,0.8862269382720469,0.5099265319700054,0.3951657470242517,0.5074619346488436
0.24094844574865573,0.4185432253151254,0.6107897075202348,0.29915373857008576,0.5160959847167528,0.5180485644126133,0.40329600117148884,0.4232135827012716,0.4730252029854963,0.496688821113658,0.5529523680209227,0.43802318122612827,0.5200746969918966,0.4116190862946571,0.5941386722498175,0.3887294628948482,0.3794793231441218,0.4307788855587995,0.7347225102072403,0.44847979797870857,0.5255659349929593,0.3818648938329347,0.8472754595781783,0.5066336522594521,0.7153105258445586,0.7258251334881733,0.48904806709328064,0.4975768047179967,0.33618249990714577,0.46093556271478425,0.612811420348468,0.46155888904264475,0.6520925074173973,0.45834840823494644,0.4452135382004069,0.24865243797599626,0.5094260867042059,0.7393221906753044,0.32673227745761463,0.443202776434455,0.31328128802441724,0.6319797558834769,0.607492047726503,0.6154491687770042,0.5195468246255022,0.3163546158613724,0.8301177052781625,0.36090778063960005,0.5292989758419739,0.733859390343739
0.24550332790218554,0.5103449371284766,0.58673526948138,0.2086474945821595,0.5793895622686179,0.4550189061669924,0.3640845080900323,0.37450334847085937,0.5024518706372555,0.4841849675848849,0.5785490323940183,0.5150204509181129,0.554346865487355,0.3947462459415032,0.6656473049854237,0.4153127121271522,0.3907734494532119,0.5003919477516295,0.694293634223516,0.4775478286176139,0.47199502228243556,0.35139694397195875,0.7849813213020439,0.6183617978165986,0.7532553614283872,0.7021369280061676,0.41137878581591136,0.5295179958144396,0.31826725803129113,0.49169405177121295,0.6519898936771975,0.43649696439769653,0.5578879234082483,0.40985956864250805,0.39459514021651854,0.2851404342336546,0.466565147549817,0.6871323786655986,0.3971587099082277,0.41385386218120324,0.4384430425370457,0.7297823400230964,0.6026537814271791,0.4499045471187658,0.5666226858696523,0.3788187097142498,0.8291305655419771,0.4448654579788058,0.4052145351870935,0.6802800558791505
0.2458306080507946,0.5856132936057041,0.6211870132614962,0.12884211542411841,0.6912380387082235,0.420357662566734,0.2838646468606261,0.3756725474191106,0.5267496536440678,0.4888629081448077,0.5815064658668749,0.5619448439080162,0.5468726892855802,0.37756391836452263,0.7113687262220487,0.4269806386272189,0.48720855338319385,0.563880487815985,0.5925988488794106,0.48257658338770876,0.4708614171589902,0.3989712889264804,0.6607317100949242,0.7390544129480756,0.7592933280693406,0.6652666879625933,0.33684372325087647,0.5453758412931141,0.3672629967568012,0.5692154169659016,0.7070501031612019,0.4744087143367345,0.5031431210885019,0.4030783627183255,0.4161243900549694,0.3961685331998564,0.39782419353194637,0.5735407238192295,0.4639254560945472,0.40642572423959056,0.5463335964184219,0.7548312417997141,0.536775207350742,0.32709515269058087,0.565790400611065,0.4428631706036266,0.8185659305938923,0.5347065829271322,0.3812040665664767,0.5465471160345896
0.2381663598957203,0.5212796342848925,0.6388635810876107,0.20932197655370416,0.647525920834446,0.46671412862523876,0.3383234521283394,0.4204524323767549,0.4551752244906726,0.5217709370147143,0.5649138703433968,0.5138779339271193,0.445579212310417,0.4226453614553522,0.6498307863304799,0.4523327993389382,0.5231423862232782,0.5344666721302428,0.5040747415083888,0.49023181013694367,0.5520649474856905,0.3876719374684599,0.6799342762368843,0.7415562242621577,0.793692816788205,0.6177194810117157,0.40994609627139933,0.5847959532335281,0.39756704213033284,0.5449083273729322,0.7093289867330312,0.4993835408207035,0.6273293724770194,0.4131919420655743,0.40754333756233324,0.4561774505774293,0.3352142435141658,0.5508258232865079,0.3860571671244085,0.39407272673818566,0.5093738039474428,0.7010308297885001,0.44908958255915526,0.43034166592779266,0.49372458687625564,0.4847621348443772,0.859710993095477,0.49276751750963826,0.4345708341301766,0.5825632410054931
0.22405224151821984,0.380226632143633,0.6594149566699646,0.28711619039258784,0.5614529276048631,0.5563998945050298,0.35440025894933136,0.4322950654874268,0.44647034099776245,0.5199982251653597,0.5039763814317918,0.4297050972067015,0.5132614585416456,0.41542225474542954,0.6196768236132447,0.3552073609012681,0.4289509687349114,0.4433046352382774,0.7089740334308877,0.4458000412260652,0.5549745898253149,0.40072620994722796,0.8247013855614069,0.4979212235269114,0.7267152323491842,0.7089848821710676,0.5409594553051514,0.46833306583262485,0.3323230944356086,0.48237997190633874,0.6258212949566702,0.49383338117974424,0.6927611600924011,0.4749433567254352,0.4564268559086569,0.27524360870282466,0.5051404358951365,0.6939962268973741,0.3418798592331886,0.4439469184701728,0.2825910324556439,0.6065067288357562,0.6039813444139943,0.6336937999526753,0.49713304944177783,0.29360658384269006,0.8162260134171395,0.3587432509321423,0.5838786995218702,0.7334332627428191
0.2488035097110581,0.4500109074817861,0.6169898144361214,0.32173211991007966,0.5280236507921541,0.5027200980400017,0.4282992219093832,0.4617513520809024,0.451617039167267,0.51057540186265,0.5806680702094732,0.4343676374656994,0.42697943669832944,0.43457130750872325,0.5487702532704949,0.4467640081627552,0.45041040193647647,0.44056234581827286,0.5967255852429253,0.45791590814312494,0.576476608168977,0.4014857595641497,0.7830579190949815,0.6072551935573672,0.7352414898803744,0.6702199829661161,0.45195909395705236,0.5670020940768902,0.4113566135936826,0.4849609490385422,0.6464008293160427,0.4916216483093921,0.688819506572454,0.45321509453479275,0.4537699447200092,0.369928075843868,0.4043480322878222,0.6667239467350184,0.2949728874425211,0.4293227020249469,0.38589766353159133,0.6163449548617782,0.4773104026027365,0.6036403477042169,0.469577182922817,0.42040429586249406,0.8688380055016564,0.39393019210844604,0.5235072028098223,0.6552470219836927
0.25360532583621787,0.5402659252436884,0.674079454644728,0.20679789176337943,0.6788743335298977,0.46395314679375077,0.28812228364028536,0.4653129696800181,0.5384648077218699,0.4934402799999542,0.5780459241912509,0.4777844487879509,0.49257282450779255,0.3756624817885138,0.6101549297178751,0.40883749726106705,0.5440106962690436,0.49563635332153944,0.5845102283122972,0.42590890928115177,0.5401579960377634,0.5191245354255478,0.6388179253383828,0.6697067579769728,0.6647518841451224,0.6930872788991438,0.33733358651010387,0.5138111440642498,0.47182707824923786,0.5972295210704712,0.685682072456246,0.5474860135972043,0.5653788500347809,0.48297451547406023,0.5503597764621468,0.43263385707738145,0.4154208457614913,0.5757836719366269,0.4084543237745205,0.46329206567404313,0.4593399514791783,0.6109284288000241,0.48002982578825343,0.47679705144776113,0.4993631879617133,0.40526330871493593,0.8080473166101105,0.4885480879041194,0.5582036944219786,0.4674738102762648
0.2879831349537444,0.5765362923387134,0.5568661656771899,0.319230347861143,0.5114367609270621,0.40790113161758357,0.4818028186843493,0.47891691855021545,0.5200029448020286,0.47102650490617176,0.6899169905668721,0.45968285404282255,0.39536040059616584,0.42083595567172655,0.4876228669673737,0.5346556114292945,0.4499287366378639,0.44247926059948733,0.5396162400092881,0.4540737306726561,0.5482480280354831,0.43340033901729597,0.7206392301849752,0.7167181815052829,0.6958019445129406,0.6717274589546095,0.28430011437956393,0.6484853166060761,0.5019924234609533,0.508262327357192,0.6608692078705222,0.47949847340262364,0.5949536895768563,0.43480144201874593,0.48431945485303673,0.43478072699406983,0.3418260304945549,0.662532728116214,0.28573786428817993,0.43432017388273153,0.5191641194848058,0.6423532992882756,0.3880250336607348,0.5195455015077125,0.48314574346639866,0.5294698684480025,0.8979617335998402,0.4564518410119564,0.4415463303922557,0.5213838095396383
0.22760168281322835,0.4859542983234957,0.7162280319231707,0.18870807508633178,0.7190786396778729,0.5104591427883678,0.2447672012970143,0.45299431108047383,0.482886861183771,0.5276173184246308,0.5130919787992347,0.4826580017167296,0.4841526507462653,0.39239327133446694,0.6619029400225057,0.3764372519268288,0.5820975096035105,0.5230802849084198,0.5488386611631186,0.444195451667069,0.5688847986558928,0.491212380316692,0.6367674468793064,0.6700747226723992,0.7201821222991838,0.6561820682209174,0.4271157790167127,0.4941353986526129,0.4288796667645325,0.6001535833974749,0.7039964228518865,0.5624361687492652,0.6261715348069212,0.47774626730696673,0.5111903773726676,0.45209800428149116,0.3990429381960474,0.5260857252266126,0.4243639379950954,0.4417978816150163,0.4316614155081289,0.6172439518064446,0.48645417482457065,0.4808235447607434,0.48059791295650733,0.3908330325984667,0.8037627058241745,0.4834677912163905,0.5767020630237352,0.5191662527325174
0.2714009758474048,0.5758867746663079,0.6331840471705501,0.24628968945501162,0.6296661324870991,0.4308522890669198,0.3589706695132851,0.482452735747092,0.538069010878091,0.48445855946301764,0.6333221225341029,0.473773992503235,0.4364387984284381,0.3923783219871506,0.5527035712293384,0.4720259049142064,0.5338824854023585,0.4813424184093933,0.5303561089339902,0.43489683517223515,0.5516653878627004,0.5051665969782902,0.6384225559668393,0.7219005679509105,0.6712539782156617,0.6743899770742326,0.28871054252302175,0.5811347371492924,0.5133695299970339,0.5804978734718074,0.687992800900042,0.5340304314958914,0.5702684859855541,0.4662835835371423,0.5396517015991981,0.4718515395634292,0.36021869559406194,0.5837106873458133,0.36246064448064386,0.4531897055044627,0.51185148962569,0.6177662139036987,0.4083135943011988,0.47708043820585494,0.483609403963253,0.4815383349919297,0.84772646547281,0.49509287668648444,0.5136562525585475,0.44412179161131876
0.2806425487101627,0.6058638981146592,0.6175174150930599,0.23889360049536823,0.626506745731515,0.40755915109284113,0.36506817731517016,0.48029372027901607,0.563051621174828,0.47062798552242896,0.6573571423922676,0.48179100103245515,0.44740909187435784,0.38266026222950744,0.545833888075739,0.48332374844376713,0.522577473212599,0.48079508620638756,0.541660812897873,0.43077028248891325,0.5336328834904325,0.5138031860633756,0.6303787493966653,0.7327842573559541,0.6541769715839807,0.68651413327546,0.24775244902315896,0.5879744577160307,0.5254332335454717,0.5851014556605595,0.6861247310523353,0.526789813943846,0.5350239733421779,0.46365951309844344,0.5496752301634271,0.467408625848426,0.36436316479025765,0.5945941296591306,0.36861919326417647,0.4585533350351117,0.5348260389454764,0.626651139369912,0.4093739846751229,0.4546044627158702,0.4973466342389823,0.48994262790841137,0.8463985102453945,0.5075398850276207,0.4948200885457395,0.41804361681898894
0.21699291520252662,0.44093716537841116,0.7320054421137974,0.21392421671993203,0.7078133800591813,0.5432076194395389,0.2530290187935361,0.46163752465075,0.4441649383597831,0.546627195642781,0.4862167720501707,0.4645097841611095,0.4570993485976157,0.4108532134150443,0.6565408078358269,0.3689962731049452,0.5926656172559893,0.5153868434370085,0.5290668118518339,0.4499544075667684,0.5999066864978916,0.476255393346123,0.6561898273700085,0.6528324496896184,0.7437605859672825,0.6380359385658133,0.48503087369797865,0.4934175879645469,0.4176984464162349,0.5861782338059647,0.7029979035440629,0.5706197796625799,0.6851227011581911,0.4815647294602127,0.49680514940306275,0.4592586322226533,0.3884103681856724,0.5185807312455464,0.4013856575408683,0.4341582667319246,0.39669308528892244,0.5993518077988456,0.47531293547323084,0.5267977689959853,0.4554953836625066,0.38599252442342513,0.8128902129213779,0.4587830742102029,0.6039584878578692,0.5606659663351358
0.23357141405796256,0.4492886245904501,0.4399549945646431,0.42455582448908014,0.5577088823887381,0.45709891696091226,0.3903510449693802,0.5349881526796165,0.493565881292416,0.5643914419353353,0.6075805472922549,0.4755843714880707,0.34874416243661294,0.4607123276975369,0.43087597684661877,0.42628575370928556,0.43969720545842156,0.4868046605459912,0.504347749865096,0.4309146864101633,0.5837889690498724,0.5676555793914715,0.5753698325407648,0.5542811892023867,0.5423285722883797,0.4513452320458984,0.3301592877828715,0.5412906880138517,0.5208482337045782,0.5474025509351756,0.5455746291136472,0.49880554090187246,0.39797791969608026,0.46188842989944484,0.7039106054683761,0.598605805247131,0.44984064858248235,0.44675847899132287,0.43937303600727645,0.49839016838925543,0.40180754273390923,0.4146076743961853,0.40858379037212866,0.5703146084721891,0.3973093565274218,0.5093019919895345,0.6369352083855666,0.44587780940085897,0.5655331948040734,0.5036881734577159
0.22312605684912673,0.5216614643292846,0.5184903100921058,0.36652919031253944,0.5571473543024438,0.47429036305434863,0.3702081587373145,0.4958472918638522,0.4776989772450031,0.5454677046385595,0.5776723395351027,0.49189615780732265,0.3752892221593997,0.47305515434098655,0.45421870318136887,0.4734468608775694,0.4492862554289302,0.5388560728927118,0.5462076291747991,0.4137931059990094,0.4869892156672039,0.4823712474253258,0.6801914333070783,0.5852283007123665,0.5681309582499969,0.5255382224634907,0.25879948629264715,0.5275872108832097,0.4481869863014946,0.5336003912658962,0.5449315053015074,0.47270867897007984,0.3771375032835515,0.4060924634805938,0.6341621955111569,0.4808286832596507,0.42141087449120385,0.4282947854386988,0.4249297835662442,0.4351770930866988,0.42215330805057666,0.5260555524541594,0.47971744666481597,0.5096785807692304,0.4687153755948766,0.484406808977067,0.6568323291786953,0.4633231924488874,0.48852304852057293,0.5506446817727806
0.23053512146046407,0.4154036734717508,0.4536937688962101,0.459187608217438,0.5308860407346417,0.44144945168917316,0.4048597705009326,0.45382834013398154,0.5333439568325588,0.45667510330024647,0.5804834629057292,0.49831455410690245,0.44703966953507457,0.4518703523541169,0.4548971516427277,0.37822248688776744,0.40285015044150774,0.4417568335212201,0.6591952523210157,0.35135157684296503,0.6006871846706657,0.5700502621576695,0.7016154942341619,0.48379750981993236,0.5823186500801436,0.5623918944126803,0.37732059789121203,0.5449379695204756,0.40152818713341637,0.5105856341463743,0.5318333139073211,0.454230986777797,0.44073402235768505,0.42626509395172774,0.6575372722485254,0.46327722286881623,0.5471227654340206,0.5405313928082128,0.4678200764894843,0.516968128920227,0.31671070577824556,0.43738508250327024,0.4844531833105098,0.6364084958845209,0.38614317610020327,0.4559063391679324,0.7096383509544555,0.3783581403853983,0.541997454382533,0.5442245478045092
0.23558749771510573,0.4427460895581753,0.4636265871094885,0.378700137458123,0.5720710921749986,0.5161933607669792,0.35750676140926524,0.4705682944885631,0.4405234629559243,0.5421378859312104,0.5961493369996211,0.48430395553048833,0.3762856230646954,0.46730646688913813,0.5287679862997411,0.45684612965558824,0.41505367996944087,0.4757531578281513,0.586514246426574,0.4581174077133168,0.5696837915745369,0.4405251612412956,0.6809870218697461,0.5561009621581169,0.5890795135419756,0.5098437430633581,0.44100222204011513,0.5519212343705153,0.42230563047263486,0.5166604769715486,0.5676825708862869,0.432775602510715,0.4581113655734963,0.45149315559516134,0.5590042298086867,0.48610099398703455,0.4503603630947378,0.5547893230532998,0.41729585445085776,0.4292373261734729,0.3819596517674816,0.5003116861225472,0.4630927265028464,0.5270100940795026,0.4537969924567756,0.46345037909387404,0.7086260580854806,0.42601502118134393,0.48788431652062675,0.6407217917442795
0.19639107370226466,0.5130599550068916,0.48836264585178535,0.352399370287932,0.6748609230009199,0.41167968141835504,0.4740760901561175,0.4815789983150498,0.5382803507494242,0.5639867637962347,0.5667793986647278,0.5729071486212285,0.3869506900323426,0.457479864801876,0.49153720422046004,0.5014175917837006,0.38638688548502453,0.46426367619995595,0.5074898141471174,0.42527421945482746,0.4915385813709081,0.4870375346954133,0.6360494560977974,0.6280957254521727,0.6349378891292048,0.48741924950261933,0.3590909277838199,0.5103608676422904,0.4210450840775388,0.5764919653221754,0.5220294050575802,0.49359083175246726,0.3951914832307744,0.37668969862247026,0.5774992160967084,0.6108918782379118,0.4543949820420594,0.41171964547261236,0.5057077568839602,0.49510496392440645,0.41321487871179474,0.5101132820080512,0.4180679978442359,0.47137389370373073,0.43245398905651744,0.5211098998015757,0.6753785703967119,0.4915553876595511,0.4796593756199484,0.6065225150026056
0.2185263220798799,0.46131331680436954,0.5376492794352561,0.26587361812955485,0.7092890853410079,0.5562770983635618,0.29146923520080026,0.5172233471214243,0.4386330748032256,0.6361438856069427,0.5612896449205319,0.48434341657733737,0.37102542446896575,0.4361127441209416,0.5994322953125704,0.45941757361088215,0.45259412808616317,0.49013552770248864,0.5260598327481547,0.5128720468833999,0.5254493742461921,0.4445751667970537,0.5845710839897419,0.5903156550346005,0.5648198642447234,0.48529262384092337,0.4776505545346133,0.4601330603151056,0.47619347909064424,0.5937432160163418,0.5852305112310197,0.5013148409554042,0.4491877699422392,0.5044972737347595,0.5707213145601222,0.5614319902113769,0.43055751408651494,0.5007161273129483,0.4467665372961915,0.43584217149952104,0.39776360674392586,0.4946566593407816,0.4639285127048524,0.4465176136435985,0.49606523334392955,0.41073651462371824,0.6438251437099178,0.49188871451693716,0.5625232284542336,0.646593157206408
0.2540363961861491,0.4723186360511161,0.48479885214021434,0.3633151791584243,0.487649938511448,0.4275408116682566,0.35960947551060124,0.47218543217794184,0.5003293439694416,0.5059003899879956,0.6117210654094998,0.4690965512212248,0.44191343382907255,0.43339694796182576,0.4872374721059981,0.3739255176173982,0.45346773790300643,0.5372001480977736,0.565799609994964,0.43535125681473963,0.5643551543142121,0.526942682265253,0.6384404655431658,0.5787607451588167,0.631533314764924,0.548973166401985,0.2783399763231927,0.5729195759954424,0.4669321961734242,0.5010581967821516,0.6127212575513575,0.47952146960352854,0.45372708302639003,0.4378451461521788,0.6330927246019804,0.45303972589720676,0.44145188636583077,0.5242211302920153,0.4031162906246518,0.4687613077592142,0.45017455698428716,0.5451990727397092,0.49131361814321006,0.5540128472527709,0.4468738102104739,0.48220980277567294,0.7121259706160432,0.43591338496279575,0.5005895812071086,0.48266334768318386
0.2407782701004613,0.47721235125109845,0.4596068521254769,0.30832569367967866,0.5754953566765314,0.4577576759453701,0.4095623388755515,0.5026483793497428,0.5209668506147992,0.5890603716032264,0.6198028737094528,0.48171485297104105,0.44435351716847493,0.40940842654495424,0.5298510222293218,0.4314385564066393,0.33804320023363715,0.46122658510316156,0.6117512042741109,0.49662026901468576,0.47804622613182923,0.46502481706108,0.636144160027432,0.5357113903803367,0.5720969210072918,0.5410764495689849,0.3761465722229469,0.4745036711124573,0.47139066477157615,0.5304859454597028,0.550190167645097,0.4765910240436925,0.4058777600401178,0.4776316632314488,0.5980845929756174,0.47252007425264714,0.5019852913860302,0.5921678144846317,0.4212754362528303,0.489790733831025,0.40185424064004216,0.5234678868205496,0.529284092574432,0.49948094133331566,0.5157787514803309,0.40441585864800206,0.6479119218648691,0.4573639669284173,0.5277357766070973,0.634072822495992
0.2299036488834887,0.4759888261884041,0.47634733324730677,0.2705011717615399,0.5856404224284091,0.4668966245394255,0.4353656061367891,0.5130142380614066,0.5012048017718738,0.641430574866151,0.6054863335358264,0.48130587057913277,0.4369921174713981,0.4088297239884381,0.5516592337379692,0.44540613020979314,0.31515773769489874,0.46898087301654445,0.5801890854243388,0.5428602428752665,0.44296848126895705,0.4141041938588418,0.6381193944586632,0.5512685505055428,0.6082215499038001,0.5245680952718383,0.4019699987584966,0.4498537669598634,0.46742153514149093,0.5253300914095118,0.5514083225786046,0.4898342023875317,0.4295318544495686,0.4742180250132022,0.5560487774449876,0.47883268894449593,0.4815415426844947,0.5867056195580181,0.4028155798239954,0.47850862939421,0.4119855936523238,0.5594173941945964,0.54342998190906,0.47625935058368785,0.542367468559968,0.39228362742307676,0.6363955347771255,0.4718621633172711,0.5234603164227127,0.6972261732835789
0.237125419086952,0.43250113230700105,0.40192672317450706,0.3365689928032535,0.5932251501814496,0.41045475321389385,0.39241140925785845,0.4415536845151986,0.5258731578266018,0.5367964910940761,0.6124086423750729,0.5382770351498873,0.4698856805561291,0.41453196264430575,0.5757123413427218,0.37580018726923525,0.3617445332097739,0.47536119736838855,0.5854348331980136,0.48327241841052404,0.5703720848459443,0.49678824905234964,0.5891454596441128,0.5697898020433447,0.6522573604248979,0.48826272668057275,0.4347132740910386,0.5421848169760266,0.42159647332192096,0.5274814478232192,0.587856949082467,0.45346979763355116,0.42821616881277613,0.44179299649217424,0.5679927929979485,0.5387260255577229,0.5082073762298366,0.5660545575554758,0.49385616090504086,0.5028015677621072,0.42557029679005076,0.5218507076979569,0.48409120929319527,0.4884288227922237,0.44688718155345303,0.4750638669693592,0.6915742932927954,0.4531991928055512,0.47435313837509463,0.5891235706535249
0.23410248473393608,0.43420094706179274,0.5169345691278556,0.3389616519774553,0.5606574784935854,0.5317836173421809,0.352995473354154,0.49438288121480745,0.4230239551312372,0.5827374088536718,0.5785506559961201,0.4519154651769278,0.3798424385085398,0.4556608226724611,0.539549802796872,0.4363226695078669,0.4339310093211567,0.4936628086398185,0.55688966629971,0.4901556348700855,0.5562962303348414,0.4280045341592749,0.6741566017998822,0.563205293675517,0.6200720477343173,0.5231418787392744,0.43959722335370205,0.5260172876208673,0.44635732537104855,0.5126448874345692,0.5928862057319841,0.47209668775123725,0.5141091413162058,0.4717186222825175,0.5523473314212849,0.46900301559256835,0.42461578671505285,0.5558280311889954,0.37418119251827264,0.42594207441739074,0.3898705293175221,0.5284950840683598,0.4827641831708894,0.5405951962954393,0.47234569934400106,0.4331910973820105,0.7072978221304634,0.43004651517238,0.5279267124651246,0.6481821024298029
0.25427433264607335,0.4395462365823525,0.3867823165642359,0.4179246608995538,0.598731737891855,0.47086554720940565,0.33482514072269903,0.506510804023418,0.4914088370525277,0.5311062049503386,0.645798903111654,0.4904541493315705,0.3566459661290956,0.4483241127592935,0.4920839385512932,0.4276322759991343,0.44065335595143645,0.459161638181776,0.5406328228765609,0.44328872657940577,0.6368515127947605,0.565696992505751,0.5419286649974304,0.5619822593916812,0.5148605599476314,0.4446825606027378,0.4054011210024645,0.5750120618815414,0.518059060957228,0.562890182794077,0.5704450494563069,0.45628098617644874,0.3876558957320357,0.49408095951386377,0.6761896293272687,0.6157061070833396,0.4664082564094359,0.521118260175803,0.46931476133878264,0.48869633787514877,0.41198289578767827,0.39502940090645783,0.3828579204903003,0.5282113982834753,0.3965239640438981,0.5157563937630432,0.6671147541132221,0.44824243525199176,0.5362385840571351,0.49917928999438244
0.24762430671310587,0.44374725391229575,0.47269404023751127,0.41957544411761827,0.5635397240804886,0.486281332381294,0.346148429914506,0.4758980591877069,0.4954529261775745,0.4799250011103294,0.606826173340635,0.4746148333904597,0.40241981168125274,0.45111110416822975,0.4844022458926384,0.41966479554210123,0.4489908856570868,0.4524367344326669,0.6219523325389376,0.3882632436561772,0.6100822176042409,0.5426069869745697,0.6665302978706251,0.5307024225991859,0.5496858063073536,0.5547732230683597,0.38833917001274915,0.5603725856703696,0.4506037468775259,0.534171696163674,0.5672277227913821,0.45367485914794803,0.4503603119943532,0.46624476648621627,0.6407450565914059,0.48377330997860274,0.4880941374253213,0.5578775486969114,0.43491343703343915,0.47577687870429136,0.35941884161712173,0.44472009992002737,0.44694537796071326,0.58551289221024,0.4122954828221487,0.4622567529215372,0.7224205116688355,0.40685677726760316,0.540105112955861,0.5314114414200487
0.20641517948757113,0.37769962025266285,0.3542194896050743,0.3795534879879803,0.5729257886677401,0.48728282063790723,0.36968955929625597,0.507931102886017,0.4475585874816862,0.6562683140980452,0.5723592536368991,0.5070102894123812,0.38470949269180443,0.46046336283349204,0.5245459610161487,0.37733215680749405,0.33367717076271564,0.5170513961083916,0.5303689400738949,0.5279526924139197,0.5355076255628516,0.477444584556354,0.5526476395353358,0.4874926453494966,0.5627537701798148,0.3508914471775274,0.45418751200601687,0.4728712285928616,0.4498529642405033,0.5191222483456963,0.512689914307262,0.4574164205863841,0.3363230007698569,0.4612592544140316,0.6487040088006271,0.596822232512552,0.5098394768111355,0.4548773317065087,0.49630960532832213,0.48566133066831546,0.3739401469758592,0.4349207657802594,0.5088544453288115,0.5064949585397638,0.44859721842689804,0.4531268467674298,0.5313077344351411,0.45098232775312497,0.5275928824499881,0.6696405613221127
0.21752619396738804,0.44441631013683797,0.3472177649000431,0.45400016066323823,0.5580739070914784,0.45452666016071464,0.33268762282030756,0.4516205362608128,0.47971093360374295,0.5161276449676943,0.5897425640613004,0.5480122683001477,0.3843369439902481,0.49178902650292633,0.46863761254442576,0.4131792050270439,0.3978626682696383,0.5368553441269891,0.5815573550631574,0.4015504129296006,0.5628044526020529,0.5314102184485736,0.6123383630228332,0.5151099865807522,0.5203275323902506,0.4020994906186015,0.3357282893501457,0.5577759005889854,0.4034781271777561,0.5246962758993092,0.5033916673739127,0.4007969902852264,0.25920625286911925,0.395410685498656,0.6832657339158552,0.5596728914048629,0.5063620561076403,0.40595248317678356,0.5440069050546067,0.4626548408154871,0.3891918893806587,0.4273970503857901,0.4709715021172961,0.5029560793773163,0.40674230867835365,0.5275904807845878,0.5866460273125637,0.4418472536006455,0.44540976883973316,0.5480169395124749
0.22611757652157585,0.4530462098579648,0.452504015196208,0.3132551413859387,0.6325326277911404,0.4584404279282305,0.3318888966059968,0.4861629181287729,0.5106177892592788,0.5811440853662859,0.5851694759345215,0.5144032711284237,0.4414049865327569,0.4191142969464004,0.557853653816017,0.3857604865062228,0.4032455531863509,0.5049975722274097,0.5669303123974754,0.47658623447869575,0.5301362842599928,0.5190029391993903,0.5632307609491453,0.55293366711814,0.5762028599667783,0.47750028502792896,0.3909503392433436,0.48331358738391944,0.4612661220761224,0.5636166967735569,0.5677989202228575,0.4859209512042006,0.3756691999710807,0.4684380849878958,0.6347603773210999,0.5493234280775647,0.4973802647540743,0.49485660069312304,0.4974060151256855,0.493284692025951,0.4112444680856119,0.48698090878043276,0.49925503694782714,0.4750951029099314,0.46838971276043095,0.43862536111550043,0.6184089760788753,0.4761209979567669,0.5330051666947067,0.5666621831963422
0.23702953130115773,0.5077019173571712,0.4882638502031313,0.3012033868505112,0.6399926775865266,0.5285907602111772,0.3128888128193656,0.536687976407354,0.4305626806409867,0.6314366888751496,0.6123988754504782,0.47512062059192306,0.3204070526162407,0.4564745820471385,0.5330801096257092,0.5010162021688334,0.45910751678481265,0.5240926683100254,0.47462352614949677,0.517816277632514,0.5171638951797947,0.4457648938057131,0.5661351066150758,0.627887811955125,0.5364972152388837,0.4486953032393283,0.37067721117559255,0.517967535964771,0.5247422601192592,0.5755461369503736,0.5834536330241044,0.48235185800171854,0.3918291887089569,0.48657901601389103,0.6042799068844752,0.5837369478782782,0.3758471759074769,0.4675336930511584,0.4143779671894041,0.4142625426230436,0.46477177587380136,0.5004440775184603,0.42301846480630323,0.429728762520149,0.49453912769607805,0.48196940537320665,0.6345915768453781,0.5082547251800354,0.5124010132453635,0.5864871405349722
0.22701897772444768,0.47134785248432953,0.4587403771431025,0.3607545068263361,0.5895510751553721,0.47058244093429347,0.3471765523478946,0.446714110233515,0.5051287135065611,0.5128563490350732,0.5831611346281872,0.5203993898194503,0.4469609046619307,0.4457238377671715,0.5290063745669492,0.42221618701473496,0.38973937391651314,0.4925906371055555,0.6465883119327569,0.4172673317152899,0.5158823063208966,0.4849676281105147,0.6797763491568171,0.5272275423658471,0.565182923417503,0.5387645188807474,0.3693983135857301,0.5114152171388646,0.39279472192179643,0.5309804832957531,0.5397097747986742,0.4323681714182223,0.3673104552795479,0.42639895325497534,0.6040332848675488,0.45380413774169703,0.5146013350940544,0.5256521907624262,0.4849371399076771,0.462872920319254,0.3745486138191382,0.5072911918656604,0.5253285456287461,0.5025442038690182,0.4728314631894297,0.4368482336191969,0.6621962916614046,0.43898712600339,0.47937561190259387,0.6012496700593509
0.23384591905348934,0.5509964848682132,0.5588156122213852,0.28660943241727255,0.6618463536101833,0.5115559804758294,0.3610263369450206,0.5431834838256068,0.49377160879834003,0.6005530388078217,0.6039805232160687,0.4725102053240943,0.3601081181763671,0.43456327346831464,0.5045922998939565,0.5259380104404175,0.4404640344428962,0.47571346215534194,0.5417563874315068,0.4641161294709225,0.4605976084129908,0.46658165303087723,0.6325048048812731,0.6095771662096388,0.5178840051526475,0.5548668250435249,0.32469061706741503,0.47231878022523816,0.5169729288218414,0.5924776247463064,0.5554904068073911,0.5081648275054255,0.4009686051297532,0.4815980615962133,0.6142913589394361,0.5207617611676848,0.41582338250326284,0.5000691561505726,0.40482871721226166,0.44569715793008546,0.4242421643802959,0.5098164623474584,0.4542797143656809,0.4584242025759276,0.5174902022450522,0.430986489366231,0.6582132851599493,0.5006175301350552,0.5498767565838556,0.5861018048772483
0.24890608563599398,0.46960720348851637,0.43613750902274573,0.36254965485672863,0.618936753271031,0.49790508753713486,0.36375260991922986,0.45475303539853273,0.4477175742788622,0.5242905467762553,0.6345133545307043,0.5132522736313665,0.35867946368771675,0.46213640900178987,0.5636716392220003,0.5002563718210874,0.4210795283545999,0.4526583545753974,0.5580602405716619,0.4758147228169508,0.598784485739045,0.42397563657224335,0.6484489019595964,0.6232212467461719,0.6067584918014922,0.4986642174220912,0.4741792522167666,0.6001096345531517,0.4327738874095429,0.5374465253164377,0.5958679225451553,0.4143625841265735,0.4688347431705166,0.4514711902410699,0.5087873421334083,0.541955657473292,0.419110818131577,0.5838916026146318,0.4301708746402091,0.4190147751369161,0.4304208759972887,0.5142089064435671,0.3981278064654019,0.4698315530149852,0.4479562568842903,0.513835376320517,0.7605006312193557,0.45209920402234294,0.43946525624822363,0.6295805421593406
0.24483715825405436,0.4078870190193904,0.4619965678161821,0.3460355029023987,0.5753551666281607,0.587011122243835,0.2761133096923883,0.501967467036217,0.3661386550894572,0.6075264295124015,0.5989972758642303,0.4391256013419519,0.33338521345959293,0.47021560825553976,0.5722082505567615,0.4424915064818653,0.4512198413888462,0.506955276352923,0.5394763396159585,0.5296717281117297,0.5991061778617326,0.4091174084682482,0.6234064879949159,0.5568741833320634,0.5663405203518581,0.453910432665906,0.5019164761556478,0.5449795466835899,0.46917237583127563,0.5190158586141902,0.603532719976604,0.43848007536288763,0.4832817575897882,0.5114948642331282,0.5564071028530696,0.5087066936836997,0.4062194685091036,0.5660864582077687,0.3798677195671111,0.3906136690585699,0.399359498422251,0.48789485174755537,0.45724751970660676,0.5063039257497006,0.47280978406771224,0.44334583291439744,0.6779620045295348,0.4358757007187839,0.5182954144409027,0.6618380289219411
0.2561273453880365,0.4323559917589519,0.3637721626740734,0.4139186611158824,0.5499119839862543,0.4412313785662336,0.3536798751716416,0.48039398905202646,0.4940582900589151,0.5219959699791813,0.6482493717502782,0.49947385860880406,0.3901818191048847,0.44486172661448453,0.5014349727151259,0.39930362311188666,0.41363206050623297,0.48231499093642766,0.5524942644401583,0.45688168726754697,0.6265674810259949,0.545334191928731,0.5584094877691208,0.5599413649288497,0.5615128554554979,0.44542656728139285,0.388817942232356,0.5901936571915865,0.4886401784882928,0.5296943152289378,0.5798276822514307,0.44070588200450156,0.3900042340808085,0.4693935162777906,0.6515699569276973,0.5794200814524064,0.47334282188195076,0.5359369745990845,0.4665355813441507,0.48666642101366064,0.430618365340282,0.4398392965496643,0.4177754326291961,0.5262727197347806,0.4062223885719079,0.5214758204985455,0.6742083881599398,0.44087438341635427,0.49625306925740437,0.510384296958057
0.21523851138040634,0.40812510357162557,0.43824655149001696,0.3948869458701358,0.5233622859512471,0.454208439612546,0.494310608945044,0.5310758836396253,0.514039071100296,0.6174798131394611,0.5830361470030933,0.46818375099549303,0.4163294142184227,0.4368764057339563,0.452022003654507,0.4073021316262137,0.29810435284063364,0.4343936208292579,0.5933218545405836,0.47642465110248255,0.49596480666938036,0.4918760380381664,0.6617841733496855,0.46624884408668393,0.5836627177180354,0.49602534126490394,0.40330727629981367,0.45212482003891363,0.4618795621532794,0.5007912782906363,0.4936119609344315,0.4984462310956427,0.430788396738369,0.46009083469104123,0.6428247609713137,0.5031234138852623,0.535476122725859,0.5453079449238243,0.41296587398196516,0.5299593730558644,0.3259487172566861,0.4566384094496269,0.5258016965841584,0.607500927351377,0.45803499343275,0.4058995777483656,0.6101716015923256,0.4106269697503233,0.5852303854284107,0.6790886236678717
0.21472484315699314,0.4913966098266105,0.46938993373718996,0.33736149807412247,0.6984546490265756,0.4814318398029833,0.3128258594069144,0.45949791223979436,0.5075086111279438,0.5339063168790801,0.5722316018218223,0.5533637869569931,0.41127321542591627,0.44873563889949886,0.5546443409228501,0.4554361675938561,0.42961736424266606,0.48955159545110283,0.5897601381723676,0.4170263016277455,0.5273412453795768,0.5061584011481387,0.6117468808253926,0.5749452350647101,0.5410408898387097,0.4935941013866174,0.3967920757148914,0.5008777344748564,0.4145994919764723,0.5917932989438666,0.540942150420516,0.45077877351054696,0.33706120220988056,0.43319412222733483,0.6131844657460268,0.5573752828875643,0.491880815180237,0.4567588948489991,0.539441799549317,0.46399845256672756,0.39098676563843904,0.4720099529649021,0.4633976801804192,0.44291552943063467,0.45576511719195395,0.46585594319992285,0.6430049599019595,0.4826171072089945,0.48992123408765453,0.5763815834579126
0.2213081528422276,0.4333798007498591,0.4442493111363436,0.30139229226649134,0.685439314797115,0.4967687641675215,0.3239761335217168,0.44525684079843125,0.5036567423755267,0.560578708339205,0.5771822586129084,0.5366549553400054,0.46658612027660235,0.41687703168264595,0.6234064425029352,0.40898042564367093,0.35672149500872596,0.45061466566797226,0.654997709910765,0.4762179632776363,0.5282408302377901,0.461211289471047,0.6248451784883134,0.5211127385677805,0.5713493496173722,0.5132662049158874,0.5095846126011612,0.4658612131986846,0.3905125223666815,0.5639453197907105,0.5507260566877004,0.4390880109303657,0.3914582619306527,0.4735319924745876,0.5570838277123391,0.5032678262921922,0.5477036392647111,0.5814970209228703,0.5215361351412234,0.478754253182896,0.35492821548921677,0.4917993158095176,0.5283152201031238,0.4560431534180228,0.49144568420740203,0.3919749496573585,0.6496864637296373,0.4557262340899783,0.5072773681085186,0.675627642168208
0.23750415895902935,0.4540096174681259,0.44656670299293855,0.35267368232414026,0.6180606127455881,0.4769794815599512,0.3972750662763346,0.4674352555448037,0.4803838574026066,0.5461594893954832,0.6149688913543816,0.5123153906678968,0.393723172163787,0.44397768958165407,0.5541918850902249,0.4662006659897017,0.3871072717558658,0.44146533519724634,0.5736080661570117,0.47575247171324153,0.5697232585123018,0.4479110096363338,0.6440280000385648,0.5874196780265994,0.6141224427841661,0.5086573715170204,0.4679331120128738,0.5508543758531761,0.4334601208477741,0.538092621125511,0.5750269630215621,0.44457969692713084,0.46609187678639047,0.45437899228101747,0.5353348481892546,0.5357500272375872,0.4607458028882181,0.5790316286111243,0.4412062762886152,0.4590313135227812,0.40237160010252226,0.5061124269924467,0.43662746533546803,0.49620777082397044,0.45274194325287875,0.4766831194896059,0.7266882256801853,0.4471763640950279,0.4823103902215574,0.6413809985645574
0.21595941299017224,0.44802452771530527,0.3587204837979181,0.40273297992775114,0.6444394738556813,0.474737652145553,0.46777314750311344,0.5436866665791431,0.5021758671779595,0.6377405731347562,0.6261935968085878,0.5200270543569605,0.32778654486297,0.45864367939861,0.47240817562113374,0.5101088623494993,0.29975581293072107,0.40500298044971456,0.5354284616214157,0.4954695834043948,0.514759636958173,0.48041692826862087,0.5776010142992795,0.5261463132002734,0.4985884235962943,0.3986772498456197,0.4567374396093816,0.4801951191061176,0.49648315544763,0.5654093450113398,0.469529310579616,0.4596285618203993,0.3305127214559283,0.4711779384800366,0.6376359053832565,0.6547076181507732,0.504450762925315,0.5029673460130348,0.48050920708305955,0.5080449940095482,0.36218258438590023,0.38940296183234346,0.41526794321356464,0.4971607477372227,0.4457297681701788,0.48017917959040207,0.5821157632073785,0.46644870059960974,0.5365663245767522,0.6851650463995587
0.2476039428235748,0.5014086709897668,0.4400431700529417,0.4019035663605581,0.5801608187932735,0.508947665200962,0.3957837091103708,0.5110595730315285,0.4865488067959721,0.5382697948756896,0.6432258391316652,0.4758552167198669,0.3490715197513046,0.46263463960515505,0.462154991078538,0.5264427256310152,0.37594787901171817,0.4285912075122642,0.6202649308790757,0.4311690198042026,0.518333235351074,0.4664678586846562,0.6868248664596395,0.5359334712413028,0.4785240346833072,0.5342639300958903,0.3714066024936811,0.5306617535145559,0.4753596610671663,0.5404359008468043,0.5122656267214831,0.42705278231046206,0.3696881081635681,0.46973297841755635,0.619956943148767,0.4923253177227938,0.4734792791279936,0.5732848541811002,0.410960548395266,0.44899707386277804,0.3717245124068108,0.45016971218783886,0.44778485656935046,0.5212472880054797,0.4767714989999794,0.4568406343176897,0.6745509856781063,0.4371201932474114,0.5050403231099637,0.6232078978247922
0.22451470175782381,0.39758395191493223,0.4489161666229533,0.34214949668880196,0.5960345954211927,0.4995360011005742,0.3275276956330415,0.5367010282623473,0.4546636727484372,0.6420917195331551,0.5763310808462433,0.46428851945533833,0.3814109403478145,0.43602795872537664,0.5294207399352099,0.36651861060583435,0.42685206334448234,0.5140959841259926,0.4967539077444384,0.5156225591654743,0.5738969957661079,0.525105699436321,0.5235085201785172,0.5344341640457192,0.5717568231672767,0.41394669968783765,0.42848428786734777,0.48150356106284686,0.5148400782586834,0.5511990115077623,0.5751231392017911,0.5157909474231605,0.42540027997109753,0.5059313692140472,0.6677446284973922,0.5974937109494258,0.4618177025415269,0.4705131686241642,0.4480185809388462,0.4899018726605461,0.39873878953492786,0.43978888391145676,0.4686716959127279,0.5296453199892437,0.439594241512549,0.4423594235943235,0.5897433021979497,0.4606829943719771,0.5955698493596765,0.5752204938561193
0.2415727100279337,0.41948695071033953,0.403091226192149,0.3710383779374204,0.5284049451968679,0.47162329247670914,0.44031363498125975,0.5146945924032977,0.4929225963624136,0.6020982835766541,0.628200317345614,0.46338322785268476,0.41140310185795165,0.42823054325420634,0.5014770755703991,0.420510864951428,0.3092507629899083,0.4366410297258129,0.6043228620714336,0.5095759775384833,0.5246809270819602,0.4639279736678526,0.636844851557312,0.49442751841841015,0.5670675557790101,0.49338231873920985,0.43327096580667424,0.493165549340949,0.476413163502711,0.5015001237447415,0.5320614352532198,0.46138120142178096,0.42766005392482886,0.48914778361842665,0.6077386723158235,0.4965935774708281,0.5137762507569689,0.6127919870398624,0.4025794184240292,0.49749684662239235,0.36817278582998686,0.4739146655638798,0.5090904222666053,0.5562633813059875,0.4802804368370558,0.4172233620045202,0.6406122900993723,0.4219493571171592,0.5429872348079787,0.6709588768543375
0.24545562637453447,0.5006458769495665,0.48444528198870335,0.2959567530155556,0.5727548260505423,0.47218983063157516,0.4285376787535935,0.5159063367805131,0.48437488276115936,0.608788158331693,0.6317494436547029,0.4705906883590305,0.3930628627681805,0.4251361372085347,0.527384805725431,0.4847956536373538,0.36393222735721026,0.46804549126790873,0.5488933532619233,0.5249493663155292,0.4817015806550131,0.4170571709705291,0.6438088729184254,0.5973329076839837,0.6044905428683397,0.5329936432485417,0.3775945499450947,0.5091552249651136,0.4912876406526465,0.5271644448232551,0.5754918492050646,0.4805148711081799,0.45587036945046083,0.4719454941791855,0.5494134828495241,0.49360404055208573,0.428584057582047,0.5868605884725293,0.3717454131030905,0.4532792753185662,0.44275377488992357,0.5583159355190732,0.4809825976623383,0.47999707382704626,0.5203637019248984,0.4420400794170164,0.6896003171311543,0.4724323403659422,0.5025429483523548,0.649587953388233
0.23982458273851648,0.4235887896596696,0.3625610028190507,0.42076614498066456,0.5125659265483827,0.405649395235459,0.41655286729713414,0.4863431829020287,0.5351015932277614,0.5380696873691985,0.6253326243794617,0.5031132774502886,0.43620224492780446,0.4340074025670223,0.4653759327064221,0.36693068436991444,0.34956855020702554,0.4787993669899701,0.5899076462189123,0.44477336049824273,0.5661301753590535,0.559500667443294,0.5891738512680548,0.5030276826262119,0.5687362726530762,0.46240807891773983,0.3463626328844192,0.5353525194668224,0.46777948582573986,0.5093581550703086,0.5341275131036632,0.4588207879407366,0.3596105058575474,0.44737522747732034,0.6836534675005504,0.5397888231817416,0.5309734716530452,0.5230888451844318,0.4762459514488322,0.5281229167088212,0.3934383393109929,0.4442608173840914,0.48643839172297926,0.5641976835634301,0.4198168873830258,0.4814810051641043,0.6250855786211428,0.4262719603505354,0.5201720660486353,0.5391685161800248
0.22096465003815535,0.5273499869413627,0.5351807287967631,0.31284080605302245,0.6325469009936395,0.47881045496426083,0.43374364698739176,0.5374606019164352,0.46791884603831047,0.623103038604611,0.5948269550940596,0.4926436369367329,0.3249979982814714,0.4592117383558874,0.490081897462018,0.5338707092878554,0.432959856779485,0.48888711602162505,0.45259171149462823,0.49234768124390893,0.4887957722937135,0.4361668955742536,0.6247813509254547,0.6576811823093696,0.6131444174967107,0.49241455210919177,0.34744928699760785,0.5185147436371402,0.5027596176955007,0.5659382153503286,0.5675332071659279,0.5139485483163516,0.4566489219740918,0.43710664337979177,0.5663072672226463,0.5852199142564717,0.36648844214182513,0.4524656992961953,0.39209444250476627,0.4413146907905709,0.455628811113323,0.5361750983540746,0.40369748473555944,0.4688613099215241,0.47641109069944726,0.5029170717081847,0.6864803454627558,0.5012562305700962,0.5110045638873744,0.6121996097125901
0.25672914546398184,0.4419869261889282,0.37542451575901153,0.36937031188726527,0.5377009922625553,0.4394174117402873,0.3526302887611296,0.4478795104447211,0.5111980460771668,0.5118822467314708,0.6421187431261514,0.5052089083576901,0.45818466665561003,0.4235747831202594,0.5434389577549954,0.3832284804827741,0.3625025743474309,0.48215939296330085,0.6377582934719324,0.46563997191083345,0.5684003978661495,0.5009712787234354,0.616066900154776,0.5275260061590406,0.5743994495168844,0.5056105482168718,0.3922112997532766,0.555024515239008,0.4370194234873088,0.50888076638463,0.573491744734092,0.41842540979002785,0.3790766219736329,0.4623475867708216,0.6089233233103495,0.47870667973589004,0.518952294243722,0.6023494289611367,0.46738694680639237,0.4812260095454227,0.4147438152920901,0.49838415650715684,0.5070116553051753,0.5059763574513405,0.46429099599073403,0.458999274591895,0.6748146124750416,0.43275455646672334,0.4695390100292546,0.5701805808288933
0.22435322566561805,0.4762715154029171,0.4554523827087343,0.343516707305326,0.6858403898408947,0.5267524588744376,0.32545705645270434,0.4692172976878675,0.4078218608705835,0.5748005817453049,0.5964950087818898,0.5357646874225506,0.30723034700697915,0.48764652931456565,0.5778435730462756,0.5246464727383471,0.4649470691417777,0.49610059683159885,0.4749392894593902,0.4919849000329517,0.5906019624837295,0.41038359614729264,0.6022564957278623,0.6631780759410408,0.606055317224906,0.4240692817680185,0.48437343806520605,0.585323931781899,0.4352231226559238,0.5707297701924915,0.5923227078843535,0.4303510497888615,0.4392093888979586,0.4363393242473962,0.5108734699066202,0.623995003784785,0.37200485257904975,0.4688223665992555,0.46525658487256527,0.39279572745118974,0.4490836894878211,0.5040380192037951,0.3636731972243789,0.4174675750605548,0.4381300737125991,0.5446759603863703,0.7145361968592705,0.4906714160120962,0.4356098656722698,0.6358630265966656
0.1763972755221419,0.4107082797801653,0.46970560363833785,0.40550818966455043,0.6536410259921394,0.42170951458569034,0.4622911149657917,0.49198090443643683,0.5060272188957567,0.5911082843992056,0.517512019404403,0.5611412341196503,0.37617071795736684,0.4728732789645643,0.48168388186651595,0.41292770014665187,0.4113363920281805,0.4795392408482223,0.4582341643353039,0.4272831027706486,0.5726320405511539,0.5393412446241977,0.5877482169885707,0.582269750121546,0.6737547431621925,0.40891700907994644,0.4289576114011052,0.5054067860938997,0.4178709100892443,0.5631914612158352,0.525448519814048,0.5243735106976314,0.4458853964274032,0.38462220358417,0.6222986811597669,0.6738905304683878,0.47051568953563155,0.35003746763865584,0.5263848546473623,0.5257255614998031,0.36724879139268907,0.4447425606157852,0.404329472001711,0.5522416846156301,0.357062122368602,0.5287800032910323,0.6421828448519895,0.4580751566013941,0.5451988416459526,0.5964847273803048
0.24443023605848643,0.4595452241713866,0.4764614747207489,0.3044760200097978,0.6136732682075208,0.4630732261778623,0.33001536003091547,0.4969736224946263,0.48701170245100345,0.57732858532009,0.6088477975814716,0.48799947135430044,0.4125477807561565,0.4182171987741007,0.5614278262040318,0.3994587524348838,0.4486024057516808,0.5065128868614152,0.5172680019376533,0.49773633736827777,0.5721214956495501,0.5088694778038938,0.550086069818724,0.6067248823968776,0.6119730621402693,0.48798449737514626,0.39404605399214865,0.5313689328118534,0.49914566544515165,0.5590046451134574,0.6188657303031377,0.49910522497244403,0.452568331977818,0.4853364374351566,0.606212293642244,0.5616971519898981,0.43499690632454696,0.5223559254383567,0.4420535148316393,0.4736704787317745,0.4539295018363132,0.5105442308510464,0.44872176500456445,0.4816224333299842,0.45819060559931873,0.4695287510329864,0.6803138953228228,0.47911903393172356,0.5319520640698379,0.5339969375832045
0.2248699812629782,0.42535144511282946,0.4512175871347893,0.35547710844965885,0.5650747430131265,0.42025735970642547,0.33826694577604066,0.4366515938359361,0.5259766633097863,0.5107804554875472,0.5647282712736629,0.5253278668987097,0.4951545729260988,0.4241631811120971,0.5437217751759295,0.32211229194215985,0.41317341905029226,0.5262627951219208,0.6099496534778258,0.42455150966712707,0.563397270568327,0.5478524169499024,0.6132540362016614,0.5291661163808855,0.6346866619784638,0.5118504860520178,0.3618535087624119,0.5188525954097992,0.40072115393878427,0.5235562725973392,0.5793268771824787,0.4706275578154788,0.40341232753077916,0.42488271857153015,0.6355564717244504,0.4857946420549596,0.526154119268266,0.49426542634979165,0.5099361252522666,0.504663926987266,0.39505099562246143,0.5106827163914621,0.5324808112059909,0.532464701222615,0.43289654245040887,0.4497061885730216,0.6574815752259966,0.4361131041124082,0.5078418967320778,0.5285390041280426
0.23286040003579317,0.4527099291462562,0.40658090478883513,0.37512325951706826,0.5462676254707202,0.40261322435139246,0.4534392847993342,0.4442807750562831,0.5136739505686447,0.5282563220122722,0.6148069005840343,0.5362559596325924,0.43539358989106475,0.4426347769340706,0.5211712870298513,0.42284658842541545,0.35043889853391935,0.474821100810364,0.5689095564359063,0.4661794621350257,0.5514295682459356,0.46617834180098294,0.6484893741900953,0.5828898129232354,0.669078623506836,0.4947606263217321,0.3940771082864919,0.5692438210267173,0.40788955187375747,0.5011303997392352,0.5668744233590541,0.4416412622933551,0.4379268746042276,0.4026703223176316,0.5502093347635474,0.5218370315821466,0.47866495813903615,0.5459841904274466,0.45822766819535365,0.4848313625738111,0.42755364730548223,0.5406465417340629,0.46761571866785523,0.5122318112860572,0.43967093483654696,0.5086998520202823,0.7139041786492404,0.4412923709738994,0.4419290657511651,0.6120127475658639
0.2312339932682574,0.4322444463500302,0.40540623863041125,0.33719440532578865,0.5962055875725059,0.463994798029027,0.3902236000576596,0.4960155050682138,0.512268106225422,0.5981677383313017,0.6094523120791062,0.5002341921913975,0.4385316495500239,0.4177755796687317,0.5425271483040729,0.4034909163587198,0.32531377691030994,0.45736403008746807,0.6089433320229243,0.4998524824523841,0.5136481822091963,0.4858735095337938,0.5969229072542931,0.5054522296655359,0.5561620516849738,0.4791781759883665,0.4329999824948828,0.47060402145961444,0.4589849121140505,0.5361929876595354,0.5334117458329327,0.4631509110568264,0.3749774879808736,0.48254759613762555,0.6190511065973088,0.5244073194861084,0.5329537653580533,0.5689797534078352,0.47025903164641675,0.5040011298727152,0.37695247908808854,0.47173273781487873,0.5198079111969917,0.5019983913534122,0.4852272627576294,0.41312317794493225,0.6104207945608782,0.45061554683529703,0.5345153719417315,0.6454530001109209
0.24569768692859273,0.43075932391315996,0.3955002597056181,0.31988898595778825,0.4971927227015822,0.35350667302643757,0.45206553705135993,0.49296812325108386,0.5187958150523919,0.6065604956907821,0.6317226875695635,0.5009798746494867,0.45090859470616446,0.40425710983665636,0.5272785627390161,0.33624870874897644,0.36867668884195764,0.5342659320862254,0.4578359955102113,0.5527479898812004,0.5633424679222503,0.5111245313746089,0.5127466258312078,0.6167655276827325,0.7246186600520373,0.43147908621982795,0.34150553829191344,0.5614230518985727,0.5072334135491214,0.4962846157332304,0.6279076207554248,0.5151430319968011,0.4684050037577408,0.4428736855628465,0.6012008077911777,0.5877655610186936,0.43625407602512223,0.5163888200408607,0.4248459702256988,0.5205171651355581,0.5122909327952591,0.5632853848662317,0.46676180428028846,0.5087442819503103,0.44176094874503036,0.5213241973227505,0.668436935400726,0.475536824120547,0.4938837791160269,0.5269887084525638
0.25772460546591686,0.4588785997769089,0.4578184127267906,0.32557375793766813,0.6007064555627327,0.4646377539545274,0.34273190469452236,0.4672723801976746,0.5106734880974115,0.5212845762440542,0.6315484222050968,0.4895042944516621,0.4457468499757834,0.4095611596285892,0.5686615247842182,0.40940216974616517,0.40961486811429615,0.4554677766531796,0.614057843212771,0.4677039735074231,0.5769826820994725,0.49930307594056567,0.6134636129995991,0.5688514749484603,0.5893449952492452,0.5517305892536803,0.4241426823459347,0.5407899809846056,0.4634075084504959,0.5440778869317004,0.6043029101155137,0.45884981426296656,0.45587673296588477,0.48986427581041014,0.581637916953726,0.4920915800548856,0.4859585003154238,0.6186134026524489,0.4401587077040042,0.47831675411997165,0.41502264192199423,0.5076139014871752,0.473147999618,0.5025700954893896,0.4689184291001786,0.440284636439949,0.722068593524617,0.4466971986877862,0.5142596596161774,0.5648128915571619
0.2299197977051342,0.4649220729993867,0.5020313398404521,0.3358668908164442,0.6212779400700061,0.4958808213082208,0.3067235535277155,0.5005732955205329,0.4917776076643279,0.5597989288338656,0.5773330425315877,0.4838109864649248,0.41308019065920437,0.4346184898095858,0.5243414267900482,0.407753298051743,0.4505698940153331,0.5035601970312983,0.5775899584452477,0.4387866207029472,0.5395908074300081,0.5288089094629176,0.603568656261988,0.5459952601531359,0.5418458909805086,0.5155704154480143,0.36494810644767345,0.4892849224917335,0.47187535267427716,0.5665448018770489,0.5667104683972444,0.49066471500383646,0.39635822219155925,0.4769490676057799,0.6559707594975929,0.5151034138860546,0.4770326134918968,0.48823010566932473,0.46324792876772564,0.4732152528137729,0.3891339347498187,0.47000530152690234,0.4877907444244443,0.5113001529980012,0.4614345458952297,0.4294046319552159,0.638140131831127,0.46002149117725916,0.5594175035056496,0.5436636418236072
0.2146221259047933,0.438365905217734,0.39735073871905263,0.3652300828848826,0.5008511643025388,0.46947572953726857,0.4129745265767582,0.5043457206517756,0.44556973828951224,0.6417985501982223,0.5848839135583833,0.49066920861019897,0.38656149257623745,0.46829364874254936,0.48608554380387153,0.41847522178476426,0.33018148067171865,0.5469583922313506,0.5337108187343143,0.5225861986639395,0.47183134822098455,0.4273017360656277,0.63022071733546,0.5197257609769245,0.5929689511723787,0.4115151613476515,0.34957752142561954,0.4935206470180218,0.4413477938583505,0.4838586387505164,0.5183895809426978,0.45114123346327106,0.34758319993652387,0.4230272140182908,0.616392499519398,0.5098966801701398,0.4650513550816405,0.462729706785598,0.43055296124700443,0.45191752011510433,0.4135457744607114,0.5200078198054663,0.5378492386250325,0.5033055031718042,0.490612020860372,0.4616392143309374,0.5664222904302707,0.453087866426069,0.47779131380204937,0.6722189134782611
0.21063250085609775,0.44356752587524223,0.548382855317679,0.34137871852750246,0.6111844313522518,0.5431474049870015,0.31521399256724825,0.515746602529383,0.441805269763015,0.5983374549271688,0.5347793744277363,0.4629045351619205,0.37939872576651945,0.46072617793019266,0.5128246005198974,0.4228533374709134,0.4601561913126834,0.5157320907834243,0.5555220193705537,0.44745889061275024,0.5236880544189224,0.4846418064789064,0.6501248432722732,0.5321008597532835,0.560221600508027,0.507270228210502,0.3926638543316337,0.466081551689753,0.45161436547248573,0.5516080137033437,0.553153191796803,0.5019686590021271,0.43885687268227197,0.4676885206743566,0.6338787764712268,0.49613194124038845,0.4525186190250902,0.4547775860640547,0.4288658778359639,0.4464342207196765,0.35570333114257496,0.4777654285677209,0.5010707408936045,0.5403913651808644,0.46407831032442287,0.41030686784621867,0.6287990195449457,0.4456430748029123,0.578933435957369,0.6106093525051891
0.1877171532020837,0.46966634125643214,0.5782862833769785,0.3423228829446609,0.6554787607113649,0.5204016331587694,0.32093568482677615,0.4798885074919233,0.4554529577295404,0.5664388439213663,0.4964012770303241,0.5150082754598951,0.3888245052720247,0.4781283815003317,0.5164693915159924,0.43920321794256517,0.48338273843117113,0.536695774880827,0.5451873596186211,0.40141494668270783,0.5084935071262064,0.48451347857339644,0.6778693969136602,0.5670955077919461,0.5988162045494654,0.512042709982354,0.36843497925611507,0.4737372914814802,0.39270154999719487,0.5667438350105825,0.5435942043750445,0.4978391852594777,0.4206369725628613,0.40598002236484626,0.6111469702767374,0.5091779341259342,0.4462322208333337,0.37553165563109636,0.48201403810878785,0.43933787323810924,0.35863574971976125,0.5035267436492514,0.491946621244613,0.5130409448301751,0.44526521757740073,0.44362459256656134,0.6434457511567857,0.4601997679828511,0.5357260988083627,0.6009845255884672
0.2079912862816936,0.47824650867144824,0.539301919224264,0.27186967457714645,0.6482511751131943,0.5077318380087245,0.3429654884826211,0.5033196414531912,0.47580278736860343,0.6249814800690242,0.5454620494808298,0.4956917746525318,0.42123878698852385,0.4325805103729996,0.5600363676075557,0.4340773740521801,0.406968177654455,0.5158031998303659,0.5620989812794995,0.489038509292674,0.459837022799256,0.44821106154929047,0.6328653579745721,0.5593170355198426,0.5872867138918182,0.5143260817387124,0.3885573263901703,0.4363414952111104,0.4410326626353436,0.5620830350886084,0.5539392145612952,0.5028860171774299,0.4079250862186067,0.45787825954621586,0.5903371979206408,0.4961978463524653,0.46541446026570177,0.4761991455274555,0.45233860964911504,0.45560505218610736,0.391855577139851,0.5344872670910992,0.5343669504992984,0.466510820494502,0.5150791661789988,0.39541859676873314,0.6150138127742435,0.4826059149435572,0.5426533872737846,0.6482431858141714
0.19469018652948844,0.40237974595214554,0.36555166508203457,0.4471319515107041,0.5625081940870861,0.464286068587931,0.4133801834698065,0.5023580357408716,0.44518561989915917,0.6151803541013058,0.5612444481459375,0.5307435206422869,0.33215474093377567,0.5021995606142995,0.4546699983920101,0.4243751275049246,0.37514436418002467,0.5239412595374234,0.47845475225088385,0.4663423120760512,0.5590189340227056,0.49689854940485245,0.5846594058867561,0.5303576236731273,0.5826181929908384,0.3372657485308984,0.39893281474034203,0.5278779524008917,0.43476478516336553,0.5191654799055262,0.49719009767605066,0.45462177094586803,0.33861758768303035,0.40144193678941986,0.6577452541084936,0.6399703604187051,0.4660700870768692,0.36557880002402304,0.50216409826985,0.4759748903410545,0.3820005354653726,0.4220147299985681,0.43750994687740763,0.5324046745419766,0.3903527186019878,0.5354163743285095,0.5668665433598903,0.44731230070850236,0.4952307908063577,0.6251343776728988
0.20609851056137193,0.4413927959972702,0.4576384844234038,0.30368819635647415,0.6513685626617103,0.5095818814315515,0.3683827829583695,0.4859460806301164,0.4405583492014929,0.6392598516754598,0.5628424265404086,0.5217452742185351,0.38306334194243213,0.4546010759738852,0.58296166946301,0.454248508053113,0.372784560382886,0.4997950274143447,0.527676084169323,0.528239809478455,0.505295392995607,0.4055026391919096,0.6122518982356029,0.5745388529254647,0.6152992367981351,0.43563466115032123,0.4790815572067702,0.48081797969699136,0.4206825225270054,0.5462497815027314,0.5519625980949445,0.4625509913125239,0.4149136723182486,0.4468421430778399,0.5379728047582779,0.5620530698121152,0.4529440992532312,0.4881604116994616,0.468152806498424,0.44094435186458447,0.4014380021965166,0.5206884516756946,0.4870805165237535,0.4458352104951874,0.4883745369178772,0.4473263865667821,0.626513738476248,0.47888929619492443,0.490429349217068,0.7087730810779438
0.23561690721508885,0.4367001535577595,0.45962090635835157,0.34302719818006333,0.5329692729317437,0.47225267200307425,0.37629097119455784,0.493726396057075,0.4512741766988862,0.5920640604705627,0.5958891873475721,0.47349581319913364,0.3970059542068891,0.4465020794370111,0.5247629778047262,0.4035646316707844,0.4108432603241104,0.5223355222656965,0.521871498669112,0.5065328721715187,0.5515112621931789,0.4595772294952614,0.6147139211358925,0.5743483116419621,0.6372467168807645,0.47341600221146934,0.3871968177638792,0.5383062587222719,0.46483693837269513,0.5059938550125589,0.593066426661236,0.4773989278290181,0.463182316946158,0.4544157934663137,0.5861119582874001,0.5137436227275765,0.4303561854255221,0.5181070333284171,0.4036581731429507,0.45305263134325974,0.43352283714799816,0.5317172262019734,0.4815968426864682,0.5219559584175025,0.46166522222780665,0.47094179997199126,0.6708700485998406,0.44861871773691225,0.5060800648690327,0.6006304587180912
0.25025620529105497,0.4202809121746174,0.4247667521651465,0.31108047474657363,0.6036990031797033,0.45547990770427993,0.32896718881210407,0.49263028772817596,0.4785622390726384,0.5901861987946095,0.6230793770876253,0.4895515179581936,0.41628759720047215,0.4116043157347799,0.5852275534973416,0.36836600951357035,0.4294642726625095,0.500484643941467,0.504862921045675,0.5314184278379063,0.6106083014407433,0.5112809109333504,0.5082347653341173,0.599008929272262,0.6288931116976978,0.44549808880428604,0.4468748730604456,0.5459984339628999,0.5065715787671169,0.5490287629601218,0.6324973159168942,0.4910453642698207,0.46471770813323227,0.5021659385182812,0.5991615755626263,0.5950495360223255,0.4449422499519639,0.5492729395979051,0.4504699239257225,0.48484833487349277,0.460727310962786,0.4957748147507426,0.4387407060519463,0.48292801453443074,0.4434466005013584,0.47958472384920525,0.6762918202089178,0.4735417036138249,0.5302660408336334,0.543100763928083
0.21979497536304554,0.4584496161629561,0.44352794158640446,0.33597951800145337,0.551961267990883,0.4218977851668189,0.43052255688112856,0.5227772774720998,0.5372302101143462,0.6178316185935687,0.5886352113710543,0.49195957152756065,0.4458500037987539,0.4175717238473684,0.4797608175441579,0.38493668867098263,0.33631242035621256,0.5008433360417355,0.56473399954514,0.48384329173847174,0.4651459626293602,0.520328196441098,0.5928677586036041,0.5129546970168823,0.5768271470350477,0.48231549346421476,0.3145800814692449,0.44893760165147933,0.48301839545276926,0.529315400295882,0.5223454246654101,0.5103970768371416,0.3569459046198281,0.4525144009114975,0.674040790817109,0.5214414350630444,0.5157717909531676,0.4851110372222034,0.4558298653109679,0.5254477662198045,0.3983342466130149,0.4926082685598407,0.5399172007096378,0.5268312041023171,0.4839956204289506,0.42280328417186247,0.5739079660570859,0.462908398665577,0.557439055694757,0.5908531617311747
0.20744017978895368,0.4213325906636631,0.5519291431235622,0.3164105967840075,0.6817733357257478,0.48467682567518466,0.3175152664697642,0.4895322612271953,0.5043201318259123,0.5671014172091886,0.5247591848199493,0.5044990734723861,0.4408310249663881,0.42253745904184076,0.5635073715344122,0.36210695312990393,0.4746942813574677,0.4882853704468478,0.5498123486742498,0.43210040904240155,0.5759724339658481,0.555152199878479,0.5834923823888473,0.5577364230164015,0.6190623704476678,0.5166825297504276,0.43892787132786143,0.46624698892253513,0.44563606125187516,0.5877336885584596,0.5875716912507979,0.5365831019419379,0.47866441623644895,0.47110000303174276,0.6325526596853737,0.5592460243064441,0.48955165016243957,0.459196176325832,0.4960303586035575,0.5066235547984841,0.36123296828922974,0.46717953931820005,0.4743913212306395,0.5360980445503462,0.4218330228229805,0.4196650995453066,0.6633820642752728,0.4571939493303458,0.6050067497540812,0.5492795388274171
0.23985066690172185,0.4935680517083211,0.43590224073646583,0.3230249548564407,0.7253004250750534,0.44787092094880987,0.30163678294805374,0.4576565447516989,0.541451191960741,0.5097437303374006,0.6202258940614076,0.5590139605147053,0.4256667035513702,0.4173465056478508,0.5845663898451721,0.4397876917924053,0.4422810804935591,0.4599901737314173,0.5777624469255351,0.43144325632463054,0.5831527495201236,0.5497523713123181,0.5387545612269771,0.6108843797460379,0.543874515351337,0.4943768387830748,0.41952463460868084,0.5365617978069084,0.46111263074343184,0.6151339326835558,0.5832116095057429,0.45739109969845215,0.3565741015795208,0.468838396885943,0.6166973774359114,0.6101937331837999,0.49146852090271353,0.5126627141491636,0.5512601724686521,0.49116686927299685,0.43104477112492723,0.455963181502083,0.41232955891575157,0.4233632253374179,0.43821087176625184,0.49104290289303465,0.6824897618693014,0.497088902571766,0.4955733481256587,0.5088468836535018
0.19642305580875255,0.412926592263646,0.4349707801737503,0.34279899949250003,0.6108104375814409,0.4273361513360861,0.4249708774973728,0.45760604148449174,0.4945116161366362,0.5972747507256756,0.5456986284784836,0.5526599487555924,0.4385157193521831,0.4457736753723953,0.5542137685422457,0.38366390316633064,0.3576390494165153,0.5047365858289162,0.5281629648312496,0.48805853696402696,0.5319821081317059,0.47037016454588876,0.6053792349635433,0.5625714746758542,0.6850745144319582,0.43485568313542555,0.44329454425420906,0.4980886391710696,0.39012867528699724,0.5264350887287192,0.5504662654368334,0.4801306455304911,0.4267575616188828,0.40176536218611225,0.565829098239542,0.5744725000064796,0.4933529319582774,0.4538560608909035,0.5084461024530469,0.49718560680428486,0.3962739106574079,0.5211917015648558,0.49481292154164286,0.49842286139809805,0.4348126531655829,0.47732417853732106,0.6378571949020002,0.45909056346815724,0.48923377510474925,0.6523114220399087
0.2243135618889496,0.4524080033876732,0.45497805322886237,0.3618133226889698,0.6218298731470123,0.3864390492106129,0.464658595120656,0.4543924643670135,0.5554594755414397,0.5181906070128347,0.5960233418158332,0.5501412592819209,0.44766862315958816,0.4231408047694203,0.5293526987898889,0.41589883669298455,0.37989867612790906,0.43583587221683673,0.5543297250495933,0.43693958085539975,0.5750440708344148,0.521485641866712,0.6188021007985173,0.6018947966210447,0.6820437464941617,0.5208887066248028,0.4197061333937709,0.5480592244853696,0.4237029000100211,0.5462851360543433,0.5750643437920148,0.48849876478422405,0.47914125152630194,0.4144057535607051,0.5646952054666086,0.5745379696676102,0.4916530849306144,0.5299484155775867,0.48682546320490744,0.5265091052095315,0.4085488608276989,0.5105886970098802,0.4292275097591088,0.5269873207749515,0.408264143170619,0.5035334221453075,0.7379359519912648,0.45072937197844337,0.49877349498272294,0.5731811888483394
0.2621265343960595,0.48137389976282147,0.400869349866779,0.43311704602786705,0.6119890293306915,0.47774788463469353,0.3395979712065269,0.4816952599619302,0.4910239396671956,0.4773576176973779,0.6629492118152032,0.5050514250625872,0.33908126337163746,0.46391857471506676,0.48674922198931425,0.4902797694668153,0.45586857770344846,0.43862103852741074,0.5674694003039837,0.40625700662888764,0.6391601357977243,0.5390491693665465,0.6003799691940047,0.5945232256155005,0.5066739383827461,0.4896920248811303,0.39630849483609815,0.616321586589166,0.4911910983203137,0.5657012826703959,0.5703781493601294,0.42162161013525157,0.39187633368312974,0.47076018700340916,0.634540185366593,0.5879873849515664,0.44630684220781824,0.5450372055297655,0.4617111390587326,0.4582799070528388,0.4174769951569047,0.41393071240647156,0.3526703262250158,0.5112222289832162,0.39802855952135957,0.5419554192214838,0.7285746945735582,0.4455583463157646,0.4855402532497365,0.5019775324647547
0.24676829567900535,0.45507798446041314,0.5090301610711325,0.39396074741300624,0.5294827025447872,0.49957552325107907,0.35690241739644263,0.5519292924820844,0.45302562168857374,0.5747270774952169,0.6060661353458554,0.42424010887588615,0.33402429266817807,0.45877792125302563,0.440252894991582,0.4300848412919068,0.4899991517896794,0.5043673543533874,0.49075266700554154,0.4500666270692659,0.5896209141718102,0.5385912418884617,0.600732746054356,0.5737112837237976,0.5581670837531892,0.49547413671059426,0.32394546757977544,0.548448213886016,0.5459780492238018,0.5362302646589132,0.5887097814483597,0.5173453371610722,0.4754100943394304,0.4897505130312,0.6805312384471448,0.5444057283588684,0.39811779952090226,0.480385485603117,0.363878566412687,0.46285341639326866,0.41612372688922394,0.45230848237803095,0.4142623760117851,0.5878461573984982,0.42038973653394907,0.48458515068448665,0.676743271770597,0.4394970624227912,0.5888860162474867,0.49996638454653286
0.22632813705546775,0.4605741978376462,0.4306746108432354,0.34791639629669674,0.5192798769513585,0.45743763586693276,0.4493761835974785,0.5125530131909178,0.4521556423274945,0.6337754311795107,0.6071642371799605,0.48485307668473393,0.3676547786109526,0.45938573711429564,0.49192873249043206,0.4558981196725631,0.35168228545866426,0.5154561754920117,0.4962843310321406,0.5329177652081857,0.49419953633540714,0.41619381390912114,0.6291482102708083,0.5809369840400335,0.6339469544492414,0.44260150740717835,0.3645567526570104,0.526012352716904,0.46887694367976984,0.49483047350904835,0.5533750876761737,0.47054125016833087,0.4247408051338804,0.43052647868330357,0.5717383581874511,0.5342945541540369,0.4199429772702225,0.4986384275607255,0.3916497360350725,0.4503298836773986,0.44445448479618205,0.5443490716856311,0.4803058555665708,0.500867160241323,0.4831010272757839,0.48827807022712577,0.6396411504932574,0.4628330131834625,0.47743374434497365,0.6598442519742342
0.22982075378655703,0.4431518536193154,0.4545926127544311,0.3239375430683293,0.5540518328566518,0.4827654914227722,0.3630115400837131,0.48344691216693053,0.46486507234982244,0.5953906140491747,0.5879378184742382,0.4843625812701898,0.42620899287374436,0.4378916462290025,0.5445559763144812,0.40339634946304437,0.3754575888053457,0.5157280392357644,0.5776943974980882,0.5038302199554741,0.5095260515331426,0.445787091411425,0.6347113167125517,0.5391065292310129,0.6049764902436622,0.4903583704601343,0.39524200512320046,0.4981428838309259,0.43864472071967503,0.5107978380363212,0.5664368466775971,0.4617906240914775,0.41604896428144295,0.45645875708495814,0.5857455654308357,0.47719688180610287,0.47341860763472515,0.5360013502593312,0.42938063559068695,0.4552855249627425,0.4074097180015474,0.533305663600645,0.5315309800540138,0.5003023458478217,0.4944890890478688,0.4281042960620328,0.6382931018659392,0.4498621205084594,0.5024469201040603,0.6398951767615488
